insert into Restaurant_Tables (noOfSeats, table_number) values (4, 1);
insert into Restaurant_Tables (noOfSeats, table_number) values (3, 2);
insert into Restaurant_Tables (noOfSeats, table_number) values (7, 3);
insert into Restaurant_Tables (noOfSeats, table_number) values (8, 4);
insert into Restaurant_Tables (noOfSeats, table_number) values (4, 5);
insert into Restaurant_Tables (noOfSeats, table_number) values (5, 6);
insert into Restaurant_Tables (noOfSeats, table_number) values (6, 7);
insert into Restaurant_Tables (noOfSeats, table_number) values (4, 8);
insert into Restaurant_Tables (noOfSeats, table_number) values (7, 9);
insert into Restaurant_Tables (noOfSeats, table_number) values (3, 10);
insert into Restaurant_Tables (noOfSeats, table_number) values (3, 11);
insert into Restaurant_Tables (noOfSeats, table_number) values (6, 12);
insert into Restaurant_Tables (noOfSeats, table_number) values (4, 13);
insert into Restaurant_Tables (noOfSeats, table_number) values (7, 14);
insert into Restaurant_Tables (noOfSeats, table_number) values (7, 15);
insert into Restaurant_Tables (noOfSeats, table_number) values (6, 16);
insert into Restaurant_Tables (noOfSeats, table_number) values (2, 17);
insert into Restaurant_Tables (noOfSeats, table_number) values (2, 18);
insert into Restaurant_Tables (noOfSeats, table_number) values (2, 19);
insert into Restaurant_Tables (noOfSeats, table_number) values (7, 20);

insert into Food_Category (name) values ('Mallard');
insert into Food_Category (name) values ('Hippopotamus');
insert into Food_Category (name) values ('Bat, madagascar fruit');
insert into Food_Category (name) values ('Eagle, pallas''s fish');
insert into Food_Category (name) values ('Mara');
insert into Food_Category (name) values ('European stork');
insert into Food_Category (name) values ('Antelope ground squirrel');
insert into Food_Category (name) values ('Arctic lemming');
insert into Food_Category (name) values ('Cormorant, little');
insert into Food_Category (name) values ('Snake, western patch-nosed');
insert into Food_Category (name) values ('Yak');
insert into Food_Category (name) values ('Ringtail, common');
insert into Food_Category (name) values ('Cape white-eye');
insert into Food_Category (name) values ('Blackbuck');
insert into Food_Category (name) values ('African snake');
insert into Food_Category (name) values ('Western palm tanager');
insert into Food_Category (name) values ('Antelope, sable');
insert into Food_Category (name) values ('Short-nosed bandicoot');
insert into Food_Category (name) values ('Sockeye salmon');
insert into Food_Category (name) values ('Flamingo, chilean');
insert into Food_Category (name) values ('Nilgai');
insert into Food_Category (name) values ('Lizard, desert spiny');


insert into Food (name, description, food_category_id) values ('Oats Large Flake', 'Nunc nisl. Duis bibendum, felis sed interdum venenatis, turpis enim blandit mi, in porttitor pede justo eu massa. Donec dapibus. Duis at velit eu est congue elementum.', 3);
insert into Food (name, description, food_category_id) values ('Oil - Food, Lacquer Spray', 'Mauris lacinia sapien quis libero. Nullam sit amet turpis elementum ligula vehicula consequat. Morbi a ipsum. Integer a nibh. In quis justo. Maecenas rhoncus aliquam lacus. Morbi quis tortor id nulla ultrices aliquet. Maecenas leo odio, condimentum id, luctus nec, molestie sed, justo. Pellentesque viverra pede ac diam. Cras pellentesque volutpat dui. Maecenas tristique, est et tempus semper, est quam pharetra magna, ac consequat metus sapien ut nunc.', 9);
insert into Food (name, description, food_category_id) values ('Turkey Leg With Drum And Thigh', 'Cras pellentesque volutpat dui. Maecenas tristique, est et tempus semper, est quam pharetra magna, ac consequat metus sapien ut nunc. Vestibulum ante ipsum primis in faucibus orci luctus et ultrices posuere cubilia Curae; Mauris viverra diam vitae quam. Suspendisse potenti. Nullam porttitor lacus at turpis. Donec posuere metus vitae ipsum. Aliquam non mauris.Fusce posuere felis sed lacus. Morbi sem mauris, laoreet ut, rhoncus aliquet, pulvinar sed, nisl.', 4);
insert into Food (name, description, food_category_id) values ('Ecolab - Lime - A - Way 4/4 L', 'In est risus, auctor sed, tristique in, tempus sit amet, sem. Fusce consequat. Nulla nisl. Nunc nisl. Duis bibendum, felis sed interdum venenatis, turpis enim blandit mi, in porttitor pede justo eu massa. Donec dapibus. Duis at velit eu est congue elementum. In hac habitasse platea dictumst. Morbi vestibulum, velit id pretium iaculis, diam erat fermentum justo, nec condimentum neque sapien placerat ante.', 11);
insert into Food (name, description, food_category_id) values ('Chicken - Whole', 'Nullam molestie nibh in lectus. Pellentesque at nulla. Suspendisse potenti. Cras in purus eu magna vulputate luctus. Cum sociis natoque penatibus et magnis dis parturient montes, nascetur ridiculus mus. Vivamus vestibulum sagittis sapien. Cum sociis natoque penatibus et magnis dis parturient montes, nascetur ridiculus mus. Etiam vel augue. Vestibulum rutrum rutrum neque. Aenean auctor gravida sem. Praesent id massa id nisl venenatis lacinia. Aenean sit amet justo. Morbi ut odio.', 8);
insert into Food (name, description, food_category_id) values ('Muffin Batt - Blueberry Passion', 'Nam dui. Proin leo odio, porttitor id, consequat in, consequat ut, nulla. Sed accumsan felis. Ut at dolor quis odio consequat varius. Integer ac leo. Pellentesque ultrices mattis odio. Donec vitae nisi. Nam ultrices, libero non mattis pulvinar, nulla pede ullamcorper augue, a suscipit nulla elit ac nulla. Sed vel enim sit amet nunc viverra dapibus.', 17);
insert into Food (name, description, food_category_id) values ('Wine - Mas Chicet Rose, Vintage', 'Phasellus sit amet erat. Nulla tempus. Vivamus in felis eu sapien cursus vestibulum. Proin eu mi. Nulla ac enim. In tempor, turpis nec euismod scelerisque, quam turpis adipiscing lorem, vitae mattis nibh ligula nec sem. Duis aliquam convallis nunc. Proin at turpis a pede posuere nonummy. Integer non velit. Donec diam neque, vestibulum eget, vulputate ut, ultrices vel, augue.', 15);
insert into Food (name, description, food_category_id) values ('Beef - Top Butt', 'Vestibulum ante ipsum primis in faucibus orci luctus et ultrices posuere cubilia Curae; Duis faucibus accumsan odio. Curabitur convallis. Duis consequat dui nec nisi volutpat eleifend. Donec ut dolor. Integer aliquet, massa id lobortis convallis, tortor risus dapibus augue, vel accumsan tellus nisi eu orci. Mauris lacinia sapien quis libero. Nullam sit amet turpis elementum ligula vehicula consequat. Morbi a ipsum. Integer a nibh. In quis justo.', 8);
insert into Food (name, description, food_category_id) values ('Fondant - Icing', 'Donec posuere metus vitae ipsum. Aliquam non mauris. Morbi non lectus. Aliquam sit amet diam in magna bibendum imperdiet. Nullam orci pede, venenatis non, sodales sed, tincidunt eu, felis. Fusce posuere felis sed lacus. Morbi sem mauris, laoreet ut, rhoncus aliquet, pulvinar sed, nisl. Nunc rhoncus dui vel sem. Sed sagittis. Nam congue, risus semper porta volutpat, quam pede lobortis ligula Cum sociis natoque penatibus et magnis dis parturient montes, nascetur ridiculus mus.', 10);
insert into Food (name, description, food_category_id) values ('Rootbeer', 'In congue. Etiam justo. Etiam pretium iaculis justo. In hac habitasse platea dictumst. Etiam faucibus cursus urna. Ut tellus. Nulla ut erat id mauris vulputate elementum. Nullam varius. Nulla facilisi. Cras non velit nec nisi vulputate nonummy. Maecenas tincidunt lacus at velit. Vivamus vel nulla eget eros elementum pellentesque.', 18);
insert into Food (name, description, food_category_id) values ('Napkin - Beverge, White 2 - Ply', 'Nulla ac enim. In tempor, turpis nec euismod scelerisque, quam turpis adipiscing lorem, vitae mattis nibh ligula nec sem. Duis aliquam convallis nunc. Proin at turpis a pede posuere nonummy. Integer non velit. Donec diam neque, vestibulum eget, vulputate ut, ultrices vel, augue. Vestibulum ante ipsum primis in faucibus orci luctus et ultrices posuere cubilia Curae; Donec pharetra, magna vestibulum aliquet ultrices, erat tortor sollicitudin mi, sit amet lobortis sapien sapien non mi.', 18);
insert into Food (name, description, food_category_id) values ('Soup - Campbells, Classic Chix', 'Nullam porttitor lacus at turpis. Donec posuere metus vitae ipsum. Aliquam non mauris. Morbi non lectus. Aliquam sit amet diam in magna bibendum imperdiet.', 8);
insert into Food (name, description, food_category_id) values ('Wine - Penfolds Koonuga Hill', 'Proin risus. Praesent lectus. Vestibulum quam sapien, varius ut, blandit non, interdum in, ante.', 13);
insert into Food (name, description, food_category_id) values ('Chocolate Bar - Smarties', 'Nulla neque libero, convallis eget, eleifend luctus, ultricies eu, nibh. Quisque id justo sit amet sapien dignissim vestibulum. Vestibulum ante ipsum primis in faucibus orci luctus et ultrices posuere cubilia Curae; Nulla dapibus dolor vel est. Donec odio justo, sollicitudin ut, suscipit a, feugiat et, eros. Vestibulum ac est lacinia nisi venenatis tristique. Fusce congue, diam id ornare imperdiet, sapien urna pretium nisl, ut volutpat sapien arcu sed augue.', 15);
insert into Food (name, description, food_category_id) values ('Turkey - Whole, Fresh', 'Nullam orci pede, venenatis non, sodales sed, tincidunt eu, felis. Fusce posuere felis sed lacus. Morbi sem mauris, laoreet ut, rhoncus aliquet, pulvinar sed, nisl. Nunc rhoncus dui vel sem. Sed sagittis. Nam congue, risus semper porta volutpat, quam pede lobortis ligula, sit amet eleifend pede libero quis orci. Nullam molestie nibh in lectus. Pellentesque at nulla. Suspendisse potenti. Cras in purus eu magna vulputate luctus.', 11);
insert into Food (name, description, food_category_id) values ('Coffee - Decafenated', 'Praesent blandit. Nam nulla. Integer pede justo, lacinia eget, tincidunt eget, tempus vel, pede. Morbi porttitor lorem id ligula. Suspendisse ornare consequat lectus. In est risus, auctor sed, tristique in, tempus sit amet, sem. Fusce consequat. Nulla nisl. Nunc nisl. Duis bibendum, felis sed interdum venenatis, turpis enim blandit mi, in porttitor pede justo eu massa. Donec dapibus.', 17);
insert into Food (name, description, food_category_id) values ('Corn Meal', 'Etiam justo. Etiam pretium iaculis justo. In hac habitasse platea dictumst. Etiam faucibus cursus urna. Ut tellus. Nulla ut erat id mauris vulputate elementum. Nullam varius. Nulla facilisi. Cras non velit nec nisi vulputate nonummy. Maecenas tincidunt lacus at velit. Vivamus vel nulla eget eros elementum pellentesque. Quisque porta volutpat erat.', 5);
insert into Food (name, description, food_category_id) values ('Longos - Penne With Pesto', 'In quis justo. Maecenas rhoncus aliquam lacus. Morbi quis tortor id nulla ultrices aliquet. Maecenas leo odio, condimentum id, luctus nec, molestie sed, justo. Pellentesque viverra pede ac diam. Cras pellentesque volutpat dui. Maecenas tristique, est et tempus semper, est quam pharetra magna, ac consequat metus sapien ut nunc. Vestibulum ante ipsum primis in faucibus orci luctus et ultrices posuere cubilia Curae; Mauris viverra diam vitae quam.', 12);
insert into Food (name, description, food_category_id) values ('Pork - Tenderloin, Fresh', 'Cras pellentesque volutpat dui. Maecenas tristique, est et tempus semper, est quam pharetra magna, ac consequat metus sapien ut nunc. Vestibulum ante ipsum primis in faucibus orci luctus et ultrices posuere cubilia Curae; Mauris viverra diam vitae quam. Suspendisse potenti. Nullam porttitor lacus at turpis. Donec posuere metus vitae ipsum. Aliquam non mauris.', 1);
insert into Food (name, description, food_category_id) values ('Ham - Cooked Bayonne Tinned', 'Aliquam sit amet diam in magna bibendum imperdiet. Nullam orci pede, venenatis non, sodales sed, tincidunt eu, felis. Fusce posuere felis sed lacus. Morbi sem mauris, laoreet ut, rhoncus aliquet, pulvinar sed, nisl. Nunc rhoncus dui vel sem.', 17);
insert into Food (name, description, food_category_id) values ('Ecolab - Power Fusion', 'Aliquam quis turpis eget elit sodales scelerisque. Mauris sit amet eros. Suspendisse accumsan tortor quis turpis. Sed ante. Vivamus tortor. Duis mattis egestas metus. Aenean fermentum. Donec ut mauris eget massa tempor convallis. Nulla neque libero, convallis eget, eleifend luctus, ultricies eu, nibh. Quisque id justo sit amet sapien dignissim vestibulum.', 14);
insert into Food (name, description, food_category_id) values ('Rabbit - Saddles', 'Morbi a ipsum. Integer a nibh. In quis justo. Maecenas rhoncus aliquam lacus. Morbi quis tortor id nulla ultrices aliquet. Maecenas leo odio, condimentum id, luctus nec, molestie sed, justo. Pellentesque viverra pede ac diam.', 13);
insert into Food (name, description, food_category_id) values ('Tomatoes - Roma', 'Aenean fermentum. Donec ut mauris eget massa tempor convallis. Nulla neque libero, convallis eget, eleifend luctus, ultricies eu, nibh. Quisque id justo sit amet sapien dignissim vestibulum. lacinia nisi venenatis tristique. Fusce congue, diam id ornare imperdiet', 7);
insert into Food (name, description, food_category_id) values ('Wine - Red, Mosaic Zweigelt', 'Morbi porttitor lorem id ligula. Suspendisse ornare consequat lectus. In est risus, auctor sed, tristique in, tempus sit amet, sem. Fusce consequat. Nulla nisl.', 3);
insert into Food (name, description, food_category_id) values ('Wine - Cousino Macul Antiguas', 'Nulla justo. Aliquam quis turpis eget elit sodales scelerisque. Mauris sit amet eros. Suspendisse accumsan tortor quis turpis. Sed ante.', 3);
insert into Food (name, description, food_category_id) values ('Rice - 7 Grain Blend', 'Praesent id massa id nisl venenatis lacinia. Aenean sit amet justo. Morbi ut odio. Cras mi pede, malesuada in, imperdiet et, commodo vulputate, justo. In blandit ultrices enim. Lorem ipsum dolor sit amet, consectetuer adipiscing elit. Proin interdum mauris non ligula pellentesque ultrices. Phasellus id sapien in sapien iaculis congue. Vivamus metus arcu, adipiscing molestie, hendrerit at, vulputate vitae, nisl. Aenean lectus. Pellentesque eget nunc.', 16);
insert into Food (name, description, food_category_id) values ('Kumquat', 'Nulla nisl. Nunc nisl. Duis bibendum, felis sed interdum venenatis, turpis enim blandit mi, in porttitor pede justo eu massa. Donec dapibus. Duis at velit eu est congue elementum. In hac habitasse platea dictumst. Morbi vestibulum, velit id pretium iaculis, diam erat fermentum justo, nec condimentum neque sapien placerat ante. Nulla justo. Aliquam quis turpis eget elit sodales scelerisque. Mauris sit amet eros. Suspendisse accumsan tortor quis turpis. Sed ante.', 7);
insert into Food (name, description, food_category_id) values ('Scallops - Live In Shell', 'Nullam orci pede, venenatis non, sodales sed, tincidunt eu, felis. Fusce posuere felis sed lacus. Morbi sem mauris, laoreet ut, rhoncus aliquet, pulvinar sed, nisl. Nunc rhoncus dui vel sem. Sed sagittis. Nam congue, risus semper porta volutpat, quam pede lobortis ligula, sit amet eleifend pede libero quis orci. Nullam molestie nibh in lectus. Pellentesque at nulla. Suspendisse potenti. Cras in purus eu magna vulputate luctus.', 17);
insert into Food (name, description, food_category_id) values ('Cheese - Fontina', 'Phasellus id sapien in sapien iaculis congue. Vivamus metus arcu, adipiscing molestie, hendrerit at, vulputate vitae, nisl. Aenean lectus. Pellentesque eget nunc. Donec quis orci eget orci vehicula condimentum. Curabitur in libero ut massa volutpat convallis. Morbi odio odio, elementum eu, interdum eu, tincidunt in, leo.', 18);
insert into Food (name, description, food_category_id) values ('Shrimp - Black Tiger 16/20', 'In est risus, auctor sed, tristique in, tempus sit amet, sem. Fusce consequat. Nulla nisl. Nunc nisl. Duis bibendum, felis sed interdum venenatis, turpis enim blandit mi, in porttitor pede justo eu massa. Donec dapibus.', 18);
insert into Food (name, description, food_category_id) values ('Nut - Almond, Blanched, Ground', 'Fusce lacus purus, aliquet at, feugiat non, pretium quis, lectus. Suspendisse potenti. In eleifend quam a odio. In hac habitasse platea dictumst. Maecenas ut massa quis augue luctus tincidunt. Nulla mollis molestie lorem.', 16);
insert into Food (name, description, food_category_id) values ('Wanton Wrap', 'Proin risus. Praesent lectus. Vestibulum quam sapien, varius ut, blandit non, interdum in, ante. Vestibulum ante ipsum primis in faucibus orci luctus et ultrices posuere cubilia Curae; Duis faucibus accumsan odio. Curabitur convallis.', 10);
insert into Food (name, description, food_category_id) values ('Sprite - 355 Ml', 'Duis mattis egestas metus. Aenean fermentum. Donec ut mauris eget massa tempor convallis. Nulla neque libero, convallis eget, eleifend luctus, ultricies eu, nibh. Quisque id justo sit amet sapien dignissim vestibulum. Vestibulum ante ipsum primis in faucibus orci luctus et ultrices posuere cubilia Curae; Nulla dapibus dolor vel est.', 18);
insert into Food (name, description, food_category_id) values ('Chocolate - Milk Coating', 'Integer pede justo, lacinia eget, tincidunt eget, tempus vel, pede. Morbi porttitor lorem id ligula. Suspendisse ornare consequat lectus. In est risus, auctor sed, tristique in, tempus sit amet, sem. Fusce consequat. Nulla nisl. Nunc nisl. Duis bibendum, felis sed interdum venenatis, turpis enim blandit mi, in porttitor pede justo eu massa. Donec dapibus. Duis at velit eu est congue elementum.', 15);
insert into Food (name, description, food_category_id) values ('Pastry - Plain Baked Croissant', 'Quisque erat eros, viverra eget, congue eget, semper rutrum, nulla. Nunc purus. Phasellus in felis. Donec semper sapien a libero. Nam dui.', 16);
insert into Food (name, description, food_category_id) values ('Scampi Tail', 'Etiam justo. Etiam pretium iaculis justo. In hac habitasse platea dictumst. Etiam faucibus cursus urna. Ut tellus. Nulla ut erat id mauris vulputate elementum. Nullam varius. Nulla facilisi. Cras non velit nec nisi vulputate nonummy. Maecenas tincidunt lacus at velit.', 10);
insert into Food (name, description, food_category_id) values ('Wine - Penfolds Koonuga Hill', 'Donec vitae nisi. Nam ultrices, libero non mattis pulvinar, nulla pede ullamcorper augue, a suscipit nulla elit ac nulla. Sed vel enim sit amet nunc viverra dapibus. Nulla suscipit ligula in lacus. Curabitur at ipsum ac tellus semper interdum. Mauris ullamcorper purus sit amet nulla. Quisque arcu libero, rutrum ac, lobortis vel, dapibus at, diam.', 16);
insert into Food (name, description, food_category_id) values ('Rootbeer', 'Nullam orci pede, venenatis non, sodales sed, tincidunt eu, felis. Fusce posuere felis sed lacus. Morbi sem mauris, laoreet ut, rhoncus aliquet, pulvinar sed, nisl. Nunc rhoncus dui vel sem. Sed sagittis. Nam congue, risus semper porta volutpat, quam pede lobortis ligula, sit amet eleifend pede libero quis orci. Nullam molestie nibh in lectus. Pellentesque at nulla. Suspendisse potenti.', 12);
insert into Food (name, description, food_category_id) values ('Tea - Green', 'In hac habitasse platea dictumst. Etiam faucibus cursus urna. Ut tellus. Nulla ut erat id mauris vulputate elementum. Nullam varius. Nulla facilisi. Cras non velit nec nisi vulputate nonummy. Maecenas tincidunt lacus at velit. Vivamus vel nulla eget eros elementum pellentesque. Quisque porta volutpat erat. Quisque erat eros, viverra eget, congue eget, semper rutrum, nulla. Nunc purus.', 15);
insert into Food (name, description, food_category_id) values ('Pepsi, 355 Ml', 'Morbi vel lectus in quam fringilla rhoncus. Mauris enim leo, rhoncus sed, vestibulum sit amet, cursus id, turpis. Integer aliquet, massa id lobortis convallis, tortor risus dapibus augue, vel accumsan tellus nisi eu orci.', 19);
insert into Food (name, description, food_category_id) values ('Artichoke - Hearts, Canned', 'Vestibulum ante ipsum primis in faucibus orci luctus et ultrices posuere cubilia Curae; Nulla dapibus dolor vel est. Donec odio justo, sollicitudin ut, suscipit a, feugiat et, eros. Vestibulum ac est lacinia nisi venenatis tristique. Fusce congue, diam id ornare imperdiet, sapien urna pretium nisl, ut volutpat sapien arcu sed augue. Aliquam erat volutpat. In congue. Etiam justo. Etiam pretium iaculis justo. In hac habitasse platea dictumst. Etiam faucibus cursus urna.', 19);
insert into Food (name, description, food_category_id) values ('Pasta - Detalini, White, Fresh', 'Aliquam non mauris. Morbi non lectus. Aliquam sit amet diam in magna bibendum imperdiet. Nullam orci pede, venenatis non, sodales sed, tincidunt eu, felis. Fusce posuere felis sed lacus. Morbi sem mauris, laoreet ut, rhoncus aliquet, pulvinar sed, nisl. Nunc rhoncus dui vel sem. Sed sagittis. Nam congue, risus semper porta volutpat, quam pede lobortis ligula, sit amet eleifend pede libero quis orci. Nullam molestie nibh in lectus. Pellentesque at nulla. Suspendisse potenti.', 9);
insert into Food (name, description, food_category_id) values ('Fish - Scallops, Cold Smoked', 'Quisque id justo sit amet sapien dignissim vestibulum. Vestibulum ante ipsum primis in faucibus orci luctus et ultrices posuere cubilia Curae; Nulla dapibus dolor vel est. Donec odio justo, sollicitudin ut, suscipit a, feugiat et, eros. Vestibulum ac est lacinia nisi venenatis tristique. Fusce congue, diam id ornare imperdiet, sapien urna pretium nisl, ut volutpat sapien arcu sed augue. Aliquam erat volutpat. In congue. Etiam justo. Etiam pretium iaculis justo.', 10);
insert into Food (name, description, food_category_id) values ('Brownies - Two Bite, Chocolate', 'Praesent blandit. Nam nulla. Integer pede justo, lacinia eget, tincidunt eget, tempus vel, pede. Morbi porttitor lorem id ligula. Suspendisse ornare consequat lectus. In est risus, auctor sed, tristique in, tempus sit amet, sem. Fusce consequat.', 12);
insert into Food (name, description, food_category_id) values ('Appetizer - Sausage Rolls', 'Nulla ut erat id mauris vulputate elementum. Nullam varius. Nulla facilisi. Cras non velit nec nisi vulputate nonummy. Maecenas tincidunt lacus at velit.', 6);
insert into Food (name, description, food_category_id) values ('Ostrich - Prime Cut', 'Aenean lectus. Pellentesque eget nunc. Donec quis orci eget orci vehicula condimentum. Curabitur in libero ut massa volutpat convallis. Morbi odio odio, elementum eu, interdum eu, tincidunt in, leo.', 1);
insert into Food (name, description, food_category_id) values ('Paper - Brown Paper Mini Cups', 'In hac habitasse platea dictumst. Morbi vestibulum, velit id pretium iaculis, diam erat fermentum justo, nec condimentum neque sapien placerat ante. Nulla justo. Aliquam quis turpis eget elit sodales scelerisque.', 12);
insert into Food (name, description, food_category_id) values ('Mushroom - Chantrelle, Fresh', 'In tempor, turpis nec euismod scelerisque, quam turpis adipiscing lorem, vitae mattis nibh ligula nec sem. Duis aliquam convallis nunc. Proin at turpis a pede posuere nonummy. Integer non velit. Donec diam neque, vestibulum eget, vulputate ut, ultrices vel, augue. Vestibulum ante ipsum primis in faucibus orci luctus et ultrices posuere cubilia Curae; Donec pharetra, magna vestibulum aliquet ultrices, erat tortor sollicitudin mi,', 9);
insert into Food (name, description, food_category_id) values ('Pectin', 'Nam nulla. Integer pede justo, lacinia eget, tincidunt eget, tempus vel, pede. Morbi porttitor lorem id ligula. Suspendisse ornare consequat lectus. In est risus, auctor sed, tristique in, tempus sit amet, sem. Fusce consequat. Nulla nisl. Nunc nisl. Duis bibendum, felis sed interdum venenatis, turpis enim blandit mi, in porttitor pede justo eu massa. Donec dapibus. Duis at velit eu est congue elementum.', 1);
insert into Food (name, description, food_category_id) values ('Sparkling Wine - Rose, Freixenet', 'Praesent blandit. Nam nulla. Integer pede justo, lacinia eget, tincidunt eget, tempus vel, pede. Morbi porttitor lorem id ligula. Suspendisse ornare consequat lectus. In est risus, auctor sed, tristique in, tempus sit amet, sem. Fusce consequat. Nulla nisl. Nunc nisl. Duis bibendum, felis sed interdum venenatis, turpis enim blandit mi, in porttitor pede justo eu massa. Donec dapibus. Duis at velit eu est congue elementum. In hac habitasse platea dictumst. Morbi vestibulum,', 7);


insert into Price (price_value, food_id) values (218, 1);
insert into Price (price_value, food_id) values (202, 2);
insert into Price (price_value, food_id) values (179, 3);
insert into Price (price_value, food_id) values (112, 4);
insert into Price (price_value, food_id) values (166, 5);
insert into Price (price_value, food_id) values (129, 6);
insert into Price (price_value, food_id) values (110, 7);
insert into Price (price_value, food_id) values (122, 8);
insert into Price (price_value, food_id) values (81, 9);
insert into Price (price_value, food_id) values (191, 10);
insert into Price (price_value, food_id) values (139, 11);
insert into Price (price_value, food_id) values (109, 12);
insert into Price (price_value, food_id) values (165, 13);
insert into Price (price_value, food_id) values (124, 14);
insert into Price (price_value, food_id) values (157, 15);
insert into Price (price_value, food_id) values (73, 16);
insert into Price (price_value, food_id) values (68, 17);
insert into Price (price_value, food_id) values (117, 18);
insert into Price (price_value, food_id) values (100, 19);
insert into Price (price_value, food_id) values (218, 20);
insert into Price (price_value, food_id) values (96, 21);
insert into Price (price_value, food_id) values (108, 22);
insert into Price (price_value, food_id) values (65, 23);
insert into Price (price_value, food_id) values (120, 24);
insert into Price (price_value, food_id) values (95, 25);
insert into Price (price_value, food_id) values (151, 26);
insert into Price (price_value, food_id) values (82, 27);
insert into Price (price_value, food_id) values (169, 28);
insert into Price (price_value, food_id) values (70, 29);
insert into Price (price_value, food_id) values (185, 30);
insert into Price (price_value, food_id) values (118, 31);
insert into Price (price_value, food_id) values (160, 32);
insert into Price (price_value, food_id) values (73, 33);
insert into Price (price_value, food_id) values (164, 34);
insert into Price (price_value, food_id) values (202, 35);
insert into Price (price_value, food_id) values (117, 36);
insert into Price (price_value, food_id) values (121, 37);
insert into Price (price_value, food_id) values (215, 38);
insert into Price (price_value, food_id) values (168, 39);
insert into Price (price_value, food_id) values (91, 40);
insert into Price (price_value, food_id) values (117, 41);
insert into Price (price_value, food_id) values (186, 42);
insert into Price (price_value, food_id) values (160, 43);
insert into Price (price_value, food_id) values (89, 44);
insert into Price (price_value, food_id) values (156, 45);
insert into Price (price_value, food_id) values (98, 46);
insert into Price (price_value, food_id) values (220, 47);
insert into Price (price_value, food_id) values (80, 48);
insert into Price (price_value, food_id) values (149, 49);
insert into Price (price_value, food_id) values (161, 50);


insert into Zip_id (zip_code, city) values (1001, 'Rezovac');
insert into Zip_id (zip_code, city) values (1002, 'Tigbao');
insert into Zip_id (zip_code, city) values (1003, 'Parista');
insert into Zip_id (zip_code, city) values (1004, 'Xiuyu');
insert into Zip_id (zip_code, city) values (1005, 'Borzytuchom');
insert into Zip_id (zip_code, city) values (1006, 'Masoyila');
insert into Zip_id (zip_code, city) values (1007, 'Gaofeng');
insert into Zip_id (zip_code, city) values (1008, 'Taghazout');
insert into Zip_id (zip_code, city) values (1009, 'Angao');
insert into Zip_id (zip_code, city) values (1010, 'Chornukhyne');
insert into Zip_id (zip_code, city) values (1011, 'Popayán');
insert into Zip_id (zip_code, city) values (1012, 'Mbigou');
insert into Zip_id (zip_code, city) values (1013, 'Aughrim');
insert into Zip_id (zip_code, city) values (1014, 'Loureiro');
insert into Zip_id (zip_code, city) values (1015, 'Novouzensk');
insert into Zip_id (zip_code, city) values (1016, 'Quitilipi');
insert into Zip_id (zip_code, city) values (1017, 'Amizmiz');
insert into Zip_id (zip_code, city) values (1018, 'San Luis Ixcán');
insert into Zip_id (zip_code, city) values (1019, 'Bukui');
insert into Zip_id (zip_code, city) values (1020, 'Youfang');
insert into Zip_id (zip_code, city) values (1021, 'Chantal');
insert into Zip_id (zip_code, city) values (1022, 'Lanigan');
insert into Zip_id (zip_code, city) values (1023, 'Gijon');
insert into Zip_id (zip_code, city) values (1024, 'Baoping');
insert into Zip_id (zip_code, city) values (1025, 'Paagahan');
insert into Zip_id (zip_code, city) values (1026, 'Cruces');
insert into Zip_id (zip_code, city) values (1027, 'San Francisco de Macorís');
insert into Zip_id (zip_code, city) values (1028, 'Luna');
insert into Zip_id (zip_code, city) values (1029, 'Donghai');
insert into Zip_id (zip_code, city) values (1030, 'Gangshangji');
insert into Zip_id (zip_code, city) values (1031, 'Liulang');
insert into Zip_id (zip_code, city) values (1032, 'Charxin');
insert into Zip_id (zip_code, city) values (1033, 'Pavlodol’skaya');
insert into Zip_id (zip_code, city) values (1034, 'Pingkai');
insert into Zip_id (zip_code, city) values (1035, 'Kemuning');
insert into Zip_id (zip_code, city) values (1036, 'Mohelnice');
insert into Zip_id (zip_code, city) values (1037, 'Constance');
insert into Zip_id (zip_code, city) values (1038, 'Hengtanggang');
insert into Zip_id (zip_code, city) values (1039, 'Xiangfu');
insert into Zip_id (zip_code, city) values (1040, 'Chengxi');
insert into Zip_id (zip_code, city) values (1041, 'Changchi');
insert into Zip_id (zip_code, city) values (1042, 'Caluire-et-Cuire');
insert into Zip_id (zip_code, city) values (1043, 'Daxinshao');
insert into Zip_id (zip_code, city) values (1044, 'Cururupu');
insert into Zip_id (zip_code, city) values (1045, 'Baolong');
insert into Zip_id (zip_code, city) values (1046, 'Lefortovo');
insert into Zip_id (zip_code, city) values (1047, 'Bukui');
insert into Zip_id (zip_code, city) values (1048, 'Hengtang');
insert into Zip_id (zip_code, city) values (1049, 'Pasatan');
insert into Zip_id (zip_code, city) values (1050, 'Tambura');
insert into Zip_id (zip_code, city) values (1051, 'Krajan');
insert into Zip_id (zip_code, city) values (1052, 'Senanga');
insert into Zip_id (zip_code, city) values (1053, 'Liangshuihe');
insert into Zip_id (zip_code, city) values (1054, 'Gafanha de Aquém');
insert into Zip_id (zip_code, city) values (1055, 'Slunj');
insert into Zip_id (zip_code, city) values (1056, 'Targuist');
insert into Zip_id (zip_code, city) values (1057, 'Zarqa');
insert into Zip_id (zip_code, city) values (1058, 'Varkaus');
insert into Zip_id (zip_code, city) values (1059, 'Zhangfang');
insert into Zip_id (zip_code, city) values (1060, 'Chicago');
insert into Zip_id (zip_code, city) values (1061, 'Żywiec');
insert into Zip_id (zip_code, city) values (1062, 'Ningde');
insert into Zip_id (zip_code, city) values (1063, 'Derjan');
insert into Zip_id (zip_code, city) values (1064, 'Zhangwan');
insert into Zip_id (zip_code, city) values (1065, 'Suodenniemi');
insert into Zip_id (zip_code, city) values (1066, 'Adare');
insert into Zip_id (zip_code, city) values (1067, 'Carreira');
insert into Zip_id (zip_code, city) values (1068, 'Sembalunbumbung');
insert into Zip_id (zip_code, city) values (1069, 'Banggel');
insert into Zip_id (zip_code, city) values (1070, 'Dzüünbulag');
insert into Zip_id (zip_code, city) values (1071, 'Housuo');
insert into Zip_id (zip_code, city) values (1072, 'Regidor');
insert into Zip_id (zip_code, city) values (1073, 'Ronov nad Doubravou');
insert into Zip_id (zip_code, city) values (1074, 'Tinambacan');
insert into Zip_id (zip_code, city) values (1075, 'Yuncheng');
insert into Zip_id (zip_code, city) values (1076, 'Phra Nakhon Si Ayutthaya');
insert into Zip_id (zip_code, city) values (1077, 'Palanit');
insert into Zip_id (zip_code, city) values (1078, 'Delães');
insert into Zip_id (zip_code, city) values (1079, 'Thị Trấn Pác Miầu');
insert into Zip_id (zip_code, city) values (1080, 'Birmingham');
insert into Zip_id (zip_code, city) values (1081, 'Épinal');
insert into Zip_id (zip_code, city) values (1082, 'Antou');
insert into Zip_id (zip_code, city) values (1083, 'Ḥurfeish');
insert into Zip_id (zip_code, city) values (1084, 'Tuapse');
insert into Zip_id (zip_code, city) values (1085, 'Iguape');
insert into Zip_id (zip_code, city) values (1086, 'Saint-Louis du Sud');
insert into Zip_id (zip_code, city) values (1087, 'Lanhas');
insert into Zip_id (zip_code, city) values (1088, 'Nantes');
insert into Zip_id (zip_code, city) values (1089, 'Várzea Paulista');
insert into Zip_id (zip_code, city) values (1090, 'Kalianyar Selatan');
insert into Zip_id (zip_code, city) values (1091, 'Stockholm');
insert into Zip_id (zip_code, city) values (1092, 'Tomé');
insert into Zip_id (zip_code, city) values (1093, 'Tanggan');
insert into Zip_id (zip_code, city) values (1094, 'Passal');
insert into Zip_id (zip_code, city) values (1095, 'Jaša Tomić');
insert into Zip_id (zip_code, city) values (1096, 'Bender');
insert into Zip_id (zip_code, city) values (1097, 'Louta');
insert into Zip_id (zip_code, city) values (1098, 'Sacramento');
insert into Zip_id (zip_code, city) values (1099, 'Fresno');
insert into Zip_id (zip_code, city) values (1100, 'Kae Dam');
insert into Zip_id (zip_code, city) values (1101, 'Ina');
insert into Zip_id (zip_code, city) values (1102, 'Hongqiao');
insert into Zip_id (zip_code, city) values (1103, 'Shuyuan Zhen');
insert into Zip_id (zip_code, city) values (1104, 'Alcabideche');
insert into Zip_id (zip_code, city) values (1105, 'Mompós');
insert into Zip_id (zip_code, city) values (1106, 'Gongchenqiao');
insert into Zip_id (zip_code, city) values (1107, 'Salamanca');
insert into Zip_id (zip_code, city) values (1108, 'Chachagüí');
insert into Zip_id (zip_code, city) values (1109, 'Rennes');
insert into Zip_id (zip_code, city) values (1110, 'Rájec-Jestřebí');
insert into Zip_id (zip_code, city) values (1111, 'Winnica');
insert into Zip_id (zip_code, city) values (1112, 'Vorzel’');
insert into Zip_id (zip_code, city) values (1113, 'Wobulenzi');
insert into Zip_id (zip_code, city) values (1114, 'Yanggu');
insert into Zip_id (zip_code, city) values (1115, 'Tyukalinsk');
insert into Zip_id (zip_code, city) values (1116, 'Farnham');
insert into Zip_id (zip_code, city) values (1117, 'Williamsfield');
insert into Zip_id (zip_code, city) values (1118, 'Al Mazra‘ah');
insert into Zip_id (zip_code, city) values (1119, 'Sobreiro');
insert into Zip_id (zip_code, city) values (1120, 'Ḩakamā');
insert into Zip_id (zip_code, city) values (1121, 'Madala');
insert into Zip_id (zip_code, city) values (1122, 'Xiangyang');
insert into Zip_id (zip_code, city) values (1123, 'Żyraków');
insert into Zip_id (zip_code, city) values (1124, 'Tríkala');
insert into Zip_id (zip_code, city) values (1125, 'Verkhnya Rozhanka');
insert into Zip_id (zip_code, city) values (1126, 'Mendes');
insert into Zip_id (zip_code, city) values (1127, 'Morohongō');
insert into Zip_id (zip_code, city) values (1128, 'São Lourenço');
insert into Zip_id (zip_code, city) values (1129, 'Muskegon');
insert into Zip_id (zip_code, city) values (1130, 'Longar');
insert into Zip_id (zip_code, city) values (1131, 'San Onofre');
insert into Zip_id (zip_code, city) values (1132, 'Agbannawag');
insert into Zip_id (zip_code, city) values (1133, 'Sasa');
insert into Zip_id (zip_code, city) values (1134, 'Foros de Salvaterra');
insert into Zip_id (zip_code, city) values (1135, 'Masaya');
insert into Zip_id (zip_code, city) values (1136, 'Ilandža');
insert into Zip_id (zip_code, city) values (1137, 'Daliu');
insert into Zip_id (zip_code, city) values (1138, 'Chico');
insert into Zip_id (zip_code, city) values (1139, 'Kalān Deh');
insert into Zip_id (zip_code, city) values (1140, 'Winong');
insert into Zip_id (zip_code, city) values (1141, 'Loum');
insert into Zip_id (zip_code, city) values (1142, 'Karukh');
insert into Zip_id (zip_code, city) values (1143, 'Columbus');
insert into Zip_id (zip_code, city) values (1144, 'Munde');
insert into Zip_id (zip_code, city) values (1145, 'Groznyy');
insert into Zip_id (zip_code, city) values (1146, 'Bonak');
insert into Zip_id (zip_code, city) values (1147, 'Brejieira');
insert into Zip_id (zip_code, city) values (1148, 'Plovdiv');
insert into Zip_id (zip_code, city) values (1149, 'Yevlakh');
insert into Zip_id (zip_code, city) values (1150, 'Muñoz East');
insert into Zip_id (zip_code, city) values (1151, 'Klippan');
insert into Zip_id (zip_code, city) values (1152, 'Vilela');
insert into Zip_id (zip_code, city) values (1153, 'Kostanay');
insert into Zip_id (zip_code, city) values (1154, 'Makapanstad');
insert into Zip_id (zip_code, city) values (1155, 'Erechim');
insert into Zip_id (zip_code, city) values (1156, 'Bungo-Takada-shi');
insert into Zip_id (zip_code, city) values (1157, 'Gagah');
insert into Zip_id (zip_code, city) values (1158, 'Yeshan');
insert into Zip_id (zip_code, city) values (1159, 'Kępice');
insert into Zip_id (zip_code, city) values (1160, 'Osveya');
insert into Zip_id (zip_code, city) values (1161, 'Florianópolis');
insert into Zip_id (zip_code, city) values (1162, 'Baiba');
insert into Zip_id (zip_code, city) values (1163, 'Gunungmalang Satu');
insert into Zip_id (zip_code, city) values (1164, 'Černá Hora');
insert into Zip_id (zip_code, city) values (1165, 'Jijiazhuang');
insert into Zip_id (zip_code, city) values (1166, 'Yala');
insert into Zip_id (zip_code, city) values (1167, 'Chīchāwatni');
insert into Zip_id (zip_code, city) values (1168, 'Kouvola');
insert into Zip_id (zip_code, city) values (1169, 'Kolobovo');
insert into Zip_id (zip_code, city) values (1170, 'Khayr Kōṯ');
insert into Zip_id (zip_code, city) values (1171, 'Qiucun');
insert into Zip_id (zip_code, city) values (1172, 'Magway');
insert into Zip_id (zip_code, city) values (1173, 'Baghlān');
insert into Zip_id (zip_code, city) values (1174, 'Ježdovec');
insert into Zip_id (zip_code, city) values (1175, 'Stryszawa');
insert into Zip_id (zip_code, city) values (1176, 'Putinci');
insert into Zip_id (zip_code, city) values (1177, 'Bački Breg');
insert into Zip_id (zip_code, city) values (1178, 'As Sawdā');
insert into Zip_id (zip_code, city) values (1179, 'Nao');
insert into Zip_id (zip_code, city) values (1180, 'Lamduan');
insert into Zip_id (zip_code, city) values (1181, 'Zgornje Gorje');
insert into Zip_id (zip_code, city) values (1182, 'Thị Trấn Hà Trung');
insert into Zip_id (zip_code, city) values (1183, 'Katiola');
insert into Zip_id (zip_code, city) values (1184, 'Tovačov');
insert into Zip_id (zip_code, city) values (1185, 'Shchuchin');
insert into Zip_id (zip_code, city) values (1186, 'Santiago de María');
insert into Zip_id (zip_code, city) values (1187, 'Tempurejo');
insert into Zip_id (zip_code, city) values (1188, 'Zhenping Chengguanzhen');
insert into Zip_id (zip_code, city) values (1189, 'Svalöv');
insert into Zip_id (zip_code, city) values (1190, 'Buenos Aires');
insert into Zip_id (zip_code, city) values (1191, 'Picassinos');
insert into Zip_id (zip_code, city) values (1192, 'Bhalil');
insert into Zip_id (zip_code, city) values (1193, 'Sulęcin');
insert into Zip_id (zip_code, city) values (1194, 'Alejal');
insert into Zip_id (zip_code, city) values (1195, 'Jarry');
insert into Zip_id (zip_code, city) values (1196, 'Carromeu');
insert into Zip_id (zip_code, city) values (1197, 'Malandag');
insert into Zip_id (zip_code, city) values (1198, 'Cap-Santé');
insert into Zip_id (zip_code, city) values (1199, 'Stockholm');
insert into Zip_id (zip_code, city) values (1200, 'Berlin');


insert into Location (address, zip_code) values ('1 Del Mar Place', 1001);
insert into Location (address, zip_code) values ('609 Clyde Gallagher Trail', 1002);
insert into Location (address, zip_code) values ('4 Blaine Way', 1003);
insert into Location (address, zip_code) values ('9243 Marcy Hill', 1004);
insert into Location (address, zip_code) values ('30 Browning Avenue', 1005);
insert into Location (address, zip_code) values ('830 Monica Terrace', 1006);
insert into Location (address, zip_code) values ('862 Caliangt Junction', 1007);
insert into Location (address, zip_code) values ('613 Nova Circle', 1008);
insert into Location (address, zip_code) values ('800 Fairfield Center', 1009);
insert into Location (address, zip_code) values ('02380 Fisk Point', 1010);
insert into Location (address, zip_code) values ('4 Spenser Drive', 1011);
insert into Location (address, zip_code) values ('7998 Wayridge Court', 1012);
insert into Location (address, zip_code) values ('8 Sutherland Lane', 1013);
insert into Location (address, zip_code) values ('7459 Hermina Road', 1014);
insert into Location (address, zip_code) values ('0053 Roth Trail', 1015);
insert into Location (address, zip_code) values ('85 Artisan Junction', 1016);
insert into Location (address, zip_code) values ('1835 Fuller Place', 1017);
insert into Location (address, zip_code) values ('6015 East Circle', 1018);
insert into Location (address, zip_code) values ('2 1st Parkway', 1019);
insert into Location (address, zip_code) values ('3661 High Crossing Way', 1020);
insert into Location (address, zip_code) values ('88417 Sutteridge Crossing', 1021);
insert into Location (address, zip_code) values ('4 Brickson Park Court', 1022);
insert into Location (address, zip_code) values ('9 Sunnyside Hill', 1023);
insert into Location (address, zip_code) values ('5125 Hallows Drive', 1024);
insert into Location (address, zip_code) values ('56404 Crownhardt Hill', 1025);
insert into Location (address, zip_code) values ('72436 Vidon Plaza', 1026);
insert into Location (address, zip_code) values ('89603 Duke Park', 1027);
insert into Location (address, zip_code) values ('3 Artisan Lane', 1028);
insert into Location (address, zip_code) values ('6 Gina Center', 1029);
insert into Location (address, zip_code) values ('6759 Kings Way', 1030);
insert into Location (address, zip_code) values ('7 Dapin Parkway', 1031);
insert into Location (address, zip_code) values ('40 Meadow Ridge Circle', 1032);
insert into Location (address, zip_code) values ('03 Lakewood Crossing', 1033);
insert into Location (address, zip_code) values ('204 Oakridge Street', 1034);
insert into Location (address, zip_code) values ('2609 Johnson Way', 1035);
insert into Location (address, zip_code) values ('48895 Kings Lane', 1036);
insert into Location (address, zip_code) values ('373 Hermina Place', 1037);
insert into Location (address, zip_code) values ('64 Hanover Court', 1038);
insert into Location (address, zip_code) values ('3727 Merchant Parkway', 1039);
insert into Location (address, zip_code) values ('16 Ludington Avenue', 1040);
insert into Location (address, zip_code) values ('30 Cambridge Circle', 1041);
insert into Location (address, zip_code) values ('42 Shasta Point', 1042);
insert into Location (address, zip_code) values ('92118 Sunbrook Crossing', 1043);
insert into Location (address, zip_code) values ('690 Maple Lane', 1044);
insert into Location (address, zip_code) values ('46910 Stephen Park', 1045);
insert into Location (address, zip_code) values ('39927 Hooker Avenue', 1046);
insert into Location (address, zip_code) values ('1 Lakewood Gardens Parkway', 1047);
insert into Location (address, zip_code) values ('3034 Pearson Court', 1048);
insert into Location (address, zip_code) values ('6 Arkansas Way', 1049);
insert into Location (address, zip_code) values ('1 Bunting Point', 1050);
insert into Location (address, zip_code) values ('85845 Crest Line Center', 1051);
insert into Location (address, zip_code) values ('0 Summer Ridge Alley', 1052);
insert into Location (address, zip_code) values ('184 Clove Trail', 1053);
insert into Location (address, zip_code) values ('42543 Crescent Oaks Court', 1054);
insert into Location (address, zip_code) values ('23 Dovetail Lane', 1055);
insert into Location (address, zip_code) values ('3452 Lakewood Gardens Terrace', 1056);
insert into Location (address, zip_code) values ('13896 Comanche Road', 1057);
insert into Location (address, zip_code) values ('0229 Beilfuss Parkway', 1058);
insert into Location (address, zip_code) values ('607 Ridgeview Court', 1059);
insert into Location (address, zip_code) values ('8813 Muir Park', 1060);
insert into Location (address, zip_code) values ('87 Stuart Center', 1061);
insert into Location (address, zip_code) values ('22241 Spaight Hill', 1062);
insert into Location (address, zip_code) values ('8 Buell Pass', 1063);
insert into Location (address, zip_code) values ('0691 Marcy Terrace', 1064);
insert into Location (address, zip_code) values ('691 Commercial Center', 1065);
insert into Location (address, zip_code) values ('0906 Bobwhite Hill', 1066);
insert into Location (address, zip_code) values ('22 Logan Circle', 1067);
insert into Location (address, zip_code) values ('781 Stoughton Junction', 1068);
insert into Location (address, zip_code) values ('54 Algoma Junction', 1069);
insert into Location (address, zip_code) values ('7 Merry Road', 1070);
insert into Location (address, zip_code) values ('362 Sommers Drive', 1071);
insert into Location (address, zip_code) values ('13854 Sunbrook Circle', 1072);
insert into Location (address, zip_code) values ('57 Arkansas Court', 1073);
insert into Location (address, zip_code) values ('589 Anzinger Court', 1074);
insert into Location (address, zip_code) values ('676 Longview Parkway', 1075);
insert into Location (address, zip_code) values ('63272 Alpine Pass', 1076);
insert into Location (address, zip_code) values ('2 Artisan Way', 1077);
insert into Location (address, zip_code) values ('19189 Nancy Street', 1078);
insert into Location (address, zip_code) values ('914 Mcbride Park', 1079);
insert into Location (address, zip_code) values ('93688 Hovde Way', 1080);
insert into Location (address, zip_code) values ('0 Roth Crossing', 1081);
insert into Location (address, zip_code) values ('50447 Muir Street', 1082);
insert into Location (address, zip_code) values ('98 Columbus Point', 1083);
insert into Location (address, zip_code) values ('2129 Sachtjen Circle', 1084);
insert into Location (address, zip_code) values ('66 Kings Lane', 1085);
insert into Location (address, zip_code) values ('720 Cardinal Point', 1086);
insert into Location (address, zip_code) values ('31 Arrowood Street', 1087);
insert into Location (address, zip_code) values ('49253 Cordelia Trail', 1088);
insert into Location (address, zip_code) values ('7978 North Place', 1089);
insert into Location (address, zip_code) values ('8 Roth Lane', 1090);
insert into Location (address, zip_code) values ('47949 Hayes Parkway', 1091);
insert into Location (address, zip_code) values ('43500 Twin Pines Plaza', 1092);
insert into Location (address, zip_code) values ('63 Eagan Way', 1093);
insert into Location (address, zip_code) values ('63776 Calypso Lane', 1094);
insert into Location (address, zip_code) values ('59 Hovde Road', 1095);
insert into Location (address, zip_code) values ('2 Transport Terrace', 1096);
insert into Location (address, zip_code) values ('0499 Kim Court', 1097);
insert into Location (address, zip_code) values ('1188 Hovde Alley', 1098);
insert into Location (address, zip_code) values ('0 Jana Junction', 1099);
insert into Location (address, zip_code) values ('69 Rigney Alley', 1100);
insert into Location (address, zip_code) values ('39 Longview Way', 1101);
insert into Location (address, zip_code) values ('5306 Bluestem Avenue', 1102);
insert into Location (address, zip_code) values ('48472 Badeau Circle', 1103);
insert into Location (address, zip_code) values ('7 Golf Course Street', 1104);
insert into Location (address, zip_code) values ('4 Kennedy Circle', 1105);
insert into Location (address, zip_code) values ('8517 Pawling Way', 1106);
insert into Location (address, zip_code) values ('156 Nova Hill', 1107);
insert into Location (address, zip_code) values ('4 Farwell Junction', 1108);
insert into Location (address, zip_code) values ('423 Westridge Terrace', 1109);
insert into Location (address, zip_code) values ('671 Lien Parkway', 1110);
insert into Location (address, zip_code) values ('5389 Chinook Way', 1111);
insert into Location (address, zip_code) values ('995 Fordem Way', 1112);
insert into Location (address, zip_code) values ('5 Cottonwood Place', 1113);
insert into Location (address, zip_code) values ('8 Northfield Crossing', 1114);
insert into Location (address, zip_code) values ('6407 Armistice Trail', 1115);
insert into Location (address, zip_code) values ('136 Ronald Regan Park', 1116);
insert into Location (address, zip_code) values ('3 Morning Center', 1117);
insert into Location (address, zip_code) values ('773 Westport Parkway', 1118);
insert into Location (address, zip_code) values ('77040 School Point', 1119);
insert into Location (address, zip_code) values ('17195 Lakeland Avenue', 1120);
insert into Location (address, zip_code) values ('4 Ludington Court', 1121);
insert into Location (address, zip_code) values ('9 Walton Trail', 1122);
insert into Location (address, zip_code) values ('2221 Memorial Trail', 1123);
insert into Location (address, zip_code) values ('54177 Sutherland Center', 1124);
insert into Location (address, zip_code) values ('37 Spenser Avenue', 1125);
insert into Location (address, zip_code) values ('027 Monument Junction', 1126);
insert into Location (address, zip_code) values ('30 Steensland Drive', 1127);
insert into Location (address, zip_code) values ('35622 Derek Crossing', 1128);
insert into Location (address, zip_code) values ('48252 Buena Vista Avenue', 1129);
insert into Location (address, zip_code) values ('05843 Armistice Parkway', 1130);
insert into Location (address, zip_code) values ('2678 Mosinee Parkway', 1131);
insert into Location (address, zip_code) values ('27 High Crossing Crossing', 1132);
insert into Location (address, zip_code) values ('336 Dixon Crossing', 1133);
insert into Location (address, zip_code) values ('04975 Butternut Park', 1134);
insert into Location (address, zip_code) values ('8 Fieldstone Place', 1135);
insert into Location (address, zip_code) values ('9102 Sloan Terrace', 1136);
insert into Location (address, zip_code) values ('00 Mockingbird Lane', 1137);
insert into Location (address, zip_code) values ('141 Di Loreto Place', 1138);
insert into Location (address, zip_code) values ('8783 Lindbergh Point', 1139);
insert into Location (address, zip_code) values ('5133 Kropf Junction', 1140);
insert into Location (address, zip_code) values ('94667 Surrey Parkway', 1141);
insert into Location (address, zip_code) values ('085 Carioca Way', 1142);
insert into Location (address, zip_code) values ('2553 Raven Crossing', 1143);
insert into Location (address, zip_code) values ('6 Emmet Point', 1144);
insert into Location (address, zip_code) values ('18596 Everett Park', 1145);
insert into Location (address, zip_code) values ('9 Gateway Trail', 1146);
insert into Location (address, zip_code) values ('4 Clove Junction', 1147);
insert into Location (address, zip_code) values ('468 Lighthouse Bay Junction', 1148);
insert into Location (address, zip_code) values ('0460 Elmside Road', 1149);
insert into Location (address, zip_code) values ('520 Porter Trail', 1150);
insert into Location (address, zip_code) values ('79 Lien Hill', 1151);
insert into Location (address, zip_code) values ('8558 Dunning Road', 1152);
insert into Location (address, zip_code) values ('65 Continental Avenue', 1153);
insert into Location (address, zip_code) values ('89125 Mendota Street', 1154);
insert into Location (address, zip_code) values ('00568 North Alley', 1155);
insert into Location (address, zip_code) values ('5494 Becker Point', 1156);
insert into Location (address, zip_code) values ('4 Blaine Trail', 1157);
insert into Location (address, zip_code) values ('47 Clemons Park', 1158);
insert into Location (address, zip_code) values ('18 Havey Court', 1159);
insert into Location (address, zip_code) values ('44 Lyons Way', 1160);
insert into Location (address, zip_code) values ('300 Coolidge Lane', 1161);
insert into Location (address, zip_code) values ('5340 Oak Park', 1162);
insert into Location (address, zip_code) values ('59 Reindahl Junction', 1163);
insert into Location (address, zip_code) values ('1663 Bobwhite Place', 1164);
insert into Location (address, zip_code) values ('198 Continental Plaza', 1165);
insert into Location (address, zip_code) values ('63036 Tomscot Plaza', 1166);
insert into Location (address, zip_code) values ('69 Erie Circle', 1167);
insert into Location (address, zip_code) values ('396 Victoria Center', 1168);
insert into Location (address, zip_code) values ('6 School Center', 1169);
insert into Location (address, zip_code) values ('115 Anzinger Drive', 1170);
insert into Location (address, zip_code) values ('4 Manley Terrace', 1171);
insert into Location (address, zip_code) values ('649 Sloan Street', 1172);
insert into Location (address, zip_code) values ('08 Prentice Plaza', 1173);
insert into Location (address, zip_code) values ('99937 Brown Junction', 1174);
insert into Location (address, zip_code) values ('89478 Park Meadow Way', 1175);
insert into Location (address, zip_code) values ('969 Londonderry Drive', 1176);
insert into Location (address, zip_code) values ('48 Merry Road', 1177);
insert into Location (address, zip_code) values ('99 Corscot Court', 1178);
insert into Location (address, zip_code) values ('7 Mayfield Avenue', 1179);
insert into Location (address, zip_code) values ('781 Loomis Park', 1180);
insert into Location (address, zip_code) values ('1777 Jay Point', 1181);
insert into Location (address, zip_code) values ('324 Sheridan Avenue', 1182);
insert into Location (address, zip_code) values ('37181 Mcbride Terrace', 1183);
insert into Location (address, zip_code) values ('8051 Superior Circle', 1184);
insert into Location (address, zip_code) values ('1487 Eggendart Terrace', 1185);
insert into Location (address, zip_code) values ('6 Stephen Crossing', 1186);
insert into Location (address, zip_code) values ('39763 Jenna Alley', 1187);
insert into Location (address, zip_code) values ('6 Tomscot Circle', 1188);
insert into Location (address, zip_code) values ('55 Sugar Hill', 1189);
insert into Location (address, zip_code) values ('18 Westerfield Street', 1190);
insert into Location (address, zip_code) values ('82420 Lerdahl Pass', 1191);
insert into Location (address, zip_code) values ('1 Novick Crossing', 1192);
insert into Location (address, zip_code) values ('200 Kenwood Drive', 1193);
insert into Location (address, zip_code) values ('9 Express Parkway', 1194);
insert into Location (address, zip_code) values ('456 Nobel Street', 1195);
insert into Location (address, zip_code) values ('14 Derek Crossing', 1196);
insert into Location (address, zip_code) values ('336 Fieldstone Terrace', 1197);
insert into Location (address, zip_code) values ('90 Farragut Junction', 1198);
insert into Location (address, zip_code) values ('83028 Straubel Point', 1199);
insert into Location (address, zip_code) values ('3355 Pleasure Point', 1200);


insert into Person (first_name, last_name, email, phone, location_id) values ('Salomo', 'Boxhall', 'sboxhall0@behance.net', '4466977539', 1);
insert into Person (first_name, last_name, email, phone, location_id) values ('Darlleen', 'Van der Beek', 'dvanderbeek1@alibaba.com', '4044726114', 2);
insert into Person (first_name, last_name, email, phone, location_id) values ('Valencia', 'Peasgood', 'vpeasgood2@dropbox.com', '2192027109', 3);
insert into Person (first_name, last_name, email, phone, location_id) values ('Nevin', 'Cawthery', 'ncawthery3@flickr.com', '3666610423', 4);
insert into Person (first_name, last_name, email, phone, location_id) values ('Cele', 'Wysome', 'cwysome4@hp.com', '7098055629', 5);
insert into Person (first_name, last_name, email, phone, location_id) values ('Burnard', 'Anderton', 'banderton5@wix.com', '4214595494', 6);
insert into Person (first_name, last_name, email, phone, location_id) values ('Joscelin', 'Briat', 'jbriat6@nydailynews.com', '7522383455', 7);
insert into Person (first_name, last_name, email, phone, location_id) values ('Mario', 'McMenamin', 'mmcmenamin7@mail.ru', '1034834664', 8);
insert into Person (first_name, last_name, email, phone, location_id) values ('Alicia', 'Colbourne', 'acolbourne8@virginia.edu', '2113567195', 9);
insert into Person (first_name, last_name, email, phone, location_id) values ('Constantin', 'Ibbison', 'cibbison9@pen.io', '6585304453', 10);
insert into Person (first_name, last_name, email, phone, location_id) values ('Purcell', 'Yoxall', 'pyoxalla@google.de', '7327878952', 11);
insert into Person (first_name, last_name, email, phone, location_id) values ('Kikelia', 'Ellul', 'kellulb@seesaa.net', '6815999027', 12);
insert into Person (first_name, last_name, email, phone, location_id) values ('Kelsy', 'Samber', 'ksamberc@barnesandnoble.com', '8925187797', 13);
insert into Person (first_name, last_name, email, phone, location_id) values ('Alicea', 'Golden', 'agoldend@ocn.ne.jp', '5638040567', 14);
insert into Person (first_name, last_name, email, phone, location_id) values ('Gabi', 'Belderfield', 'gbelderfielde@phpbb.com', '2751020746', 15);
insert into Person (first_name, last_name, email, phone, location_id) values ('Nerta', 'Bratton', 'nbrattonf@edublogs.org', '6545044906', 16);
insert into Person (first_name, last_name, email, phone, location_id) values ('Sisile', 'Larrington', 'slarringtong@goo.gl', '2341252766', 17);
insert into Person (first_name, last_name, email, phone, location_id) values ('Simonne', 'Farrall', 'sfarrallh@myspace.com', '4518937727', 18);
insert into Person (first_name, last_name, email, phone, location_id) values ('Ruthy', 'Glyn', 'rglyni@squarespace.com', '5071246165', 19);
insert into Person (first_name, last_name, email, phone, location_id) values ('Dominic', 'Wilbraham', 'dwilbrahamj@mozilla.org', '8663432727', 20);
insert into Person (first_name, last_name, email, phone, location_id) values ('Burlie', 'Sherrington', 'bsherringtonk@homestead.com', '7501315997', 21);
insert into Person (first_name, last_name, email, phone, location_id) values ('Holt', 'Riding', 'hridingl@icio.us', '6882312164', 22);
insert into Person (first_name, last_name, email, phone, location_id) values ('Cher', 'Gladdolph', 'cgladdolphm@washington.edu', '8453485491', 23);
insert into Person (first_name, last_name, email, phone, location_id) values ('Cross', 'Chicco', 'cchiccon@lulu.com', '2368245434', 24);
insert into Person (first_name, last_name, email, phone, location_id) values ('Dela', 'Langshaw', 'dlangshawo@creativecommons.org', '1233179856', 25);
insert into Person (first_name, last_name, email, phone, location_id) values ('Scarlett', 'Bosche', 'sboschep@youtube.com', '1119081113', 26);
insert into Person (first_name, last_name, email, phone, location_id) values ('Jilleen', 'Sickling', 'jsicklingq@nsw.gov.au', '7139109150', 27);
insert into Person (first_name, last_name, email, phone, location_id) values ('Zonnya', 'Ottewill', 'zottewillr@omniture.com', '3669301012', 28);
insert into Person (first_name, last_name, email, phone, location_id) values ('Willa', 'Weal', 'wweals@columbia.edu', '5758259918', 29);
insert into Person (first_name, last_name, email, phone, location_id) values ('Catriona', 'Lindbergh', 'clindberght@wisc.edu', '5167705926', 30);
insert into Person (first_name, last_name, email, phone, location_id) values ('Terrijo', 'Aizikovich', 'taizikovichu@macromedia.com', '6665905032', 31);
insert into Person (first_name, last_name, email, phone, location_id) values ('Nickie', 'Beddoe', 'nbeddoev@theatlantic.com', '4076728388', 32);
insert into Person (first_name, last_name, email, phone, location_id) values ('Deborah', 'Jordi', 'djordiw@economist.com', '7419682504', 33);
insert into Person (first_name, last_name, email, phone, location_id) values ('Darya', 'Waldera', 'dwalderax@youtube.com', '9105577447', 34);
insert into Person (first_name, last_name, email, phone, location_id) values ('Cordi', 'Carnock', 'ccarnocky@hc360.com', '2432736940', 35);
insert into Person (first_name, last_name, email, phone, location_id) values ('Wilow', 'Cater', 'wcaterz@hc360.com', '3674365821', 36);
insert into Person (first_name, last_name, email, phone, location_id) values ('Brand', 'Swyn', 'bswyn10@livejournal.com', '4311188910', 37);
insert into Person (first_name, last_name, email, phone, location_id) values ('Warner', 'Reidie', 'wreidie11@1und1.de', '7362112400', 38);
insert into Person (first_name, last_name, email, phone, location_id) values ('Conny', 'Bassingham', 'cbassingham12@wordpress.org', '4243880927', 39);
insert into Person (first_name, last_name, email, phone, location_id) values ('Vivien', 'Jurzyk', 'vjurzyk13@purevolume.com', '3798995116', 40);
insert into Person (first_name, last_name, email, phone, location_id) values ('Hadleigh', 'Phifer', 'hphifer14@stanford.edu', '7184907700', 41);
insert into Person (first_name, last_name, email, phone, location_id) values ('Vail', 'Mattam', 'vmattam15@flickr.com', '1387595198', 42);
insert into Person (first_name, last_name, email, phone, location_id) values ('Alia', 'Neale', 'aneale16@deviantart.com', '4497686822', 43);
insert into Person (first_name, last_name, email, phone, location_id) values ('Jerad', 'Lendon', 'jlendon17@odnoklassniki.ru', '4738923294', 44);
insert into Person (first_name, last_name, email, phone, location_id) values ('Piotr', 'Elks', 'pelks18@deliciousdays.com', '1151316698', 45);
insert into Person (first_name, last_name, email, phone, location_id) values ('Eal', 'Derell', 'ederell19@japanpost.jp', '6702177276', 46);
insert into Person (first_name, last_name, email, phone, location_id) values ('Margalit', 'Sutcliff', 'msutcliff1a@unicef.org', '1207487785', 47);
insert into Person (first_name, last_name, email, phone, location_id) values ('Ginnifer', 'Whittick', 'gwhittick1b@usnews.com', '4961444011', 48);
insert into Person (first_name, last_name, email, phone, location_id) values ('Brianna', 'Prium', 'bprium1c@msn.com', '3293530645', 49);
insert into Person (first_name, last_name, email, phone, location_id) values ('Field', 'Keble', 'fkeble1d@reuters.com', '9374323180', 50);
insert into Person (first_name, last_name, email, phone, location_id) values ('Zorine', 'Jorger', 'zjorger1e@wired.com', '4427803970', 51);
insert into Person (first_name, last_name, email, phone, location_id) values ('Ryley', 'Passman', 'rpassman1f@paginegialle.it', '4055017886', 52);
insert into Person (first_name, last_name, email, phone, location_id) values ('Karil', 'Regus', 'kregus1g@google.com.au', '5925243122', 53);
insert into Person (first_name, last_name, email, phone, location_id) values ('Kerwin', 'Velten', 'kvelten1h@cornell.edu', '1563827544', 54);
insert into Person (first_name, last_name, email, phone, location_id) values ('Tallie', 'Usher', 'tusher1i@japanpost.jp', '1134760790', 55);
insert into Person (first_name, last_name, email, phone, location_id) values ('Elvin', 'Branchflower', 'ebranchflower1j@toplist.cz', '4178433574', 56);
insert into Person (first_name, last_name, email, phone, location_id) values ('Ody', 'Nassey', 'onassey1k@nhs.uk', '8787372090', 57);
insert into Person (first_name, last_name, email, phone, location_id) values ('Beulah', 'Klein', 'bklein1l@nbcnews.com', '6781682303', 58);
insert into Person (first_name, last_name, email, phone, location_id) values ('Penelopa', 'Dignum', 'pdignum1m@ca.gov', '7836976593', 59);
insert into Person (first_name, last_name, email, phone, location_id) values ('Bradley', 'Freemantle', 'bfreemantle1n@state.tx.us', '4049282570', 60);
insert into Person (first_name, last_name, email, phone, location_id) values ('Fulvia', 'Schmuhl', 'fschmuhl1o@harvard.edu', '3931533576', 61);
insert into Person (first_name, last_name, email, phone, location_id) values ('Juanita', 'Scantleberry', 'jscantleberry1p@bloomberg.com', '6469859780', 62);
insert into Person (first_name, last_name, email, phone, location_id) values ('Caritta', 'Cowperthwaite', 'ccowperthwaite1q@homestead.com', '9378897437', 63);
insert into Person (first_name, last_name, email, phone, location_id) values ('Catharina', 'Lippingwell', 'clippingwell1r@apple.com', '2315700459', 64);
insert into Person (first_name, last_name, email, phone, location_id) values ('Harmonie', 'Dmitrichenko', 'hdmitrichenko1s@cbslocal.com', '4855710414', 65);
insert into Person (first_name, last_name, email, phone, location_id) values ('Hollie', 'Perrelle', 'hperrelle1t@scribd.com', '8675729388', 66);
insert into Person (first_name, last_name, email, phone, location_id) values ('Bryon', 'Pawson', 'bpawson1u@nifty.com', '4788587676', 67);
insert into Person (first_name, last_name, email, phone, location_id) values ('Chris', 'King', 'cking1v@google.co.jp', '7976382445', 68);
insert into Person (first_name, last_name, email, phone, location_id) values ('Donnie', 'Balharrie', 'dbalharrie1w@twitter.com', '4552873826', 69);
insert into Person (first_name, last_name, email, phone, location_id) values ('Lurleen', 'Pilipyak', 'lpilipyak1x@pinterest.com', '2485450793', 70);
insert into Person (first_name, last_name, email, phone, location_id) values ('Dwain', 'Dodworth', 'ddodworth1y@sbwire.com', '1945715276', 71);
insert into Person (first_name, last_name, email, phone, location_id) values ('Gawain', 'Macauley', 'gmacauley1z@berkeley.edu', '8363024961', 72);
insert into Person (first_name, last_name, email, phone, location_id) values ('Justine', 'Raise', 'jraise20@foxnews.com', '1917782291', 73);
insert into Person (first_name, last_name, email, phone, location_id) values ('Britta', 'Kleiser', 'bkleiser21@mashable.com', '3369820746', 74);
insert into Person (first_name, last_name, email, phone, location_id) values ('Velma', 'Bewlay', 'vbewlay22@mediafire.com', '6403516480', 75);
insert into Person (first_name, last_name, email, phone, location_id) values ('Abeu', 'Mullord', 'amullord23@indiegogo.com', '9365368247', 76);
insert into Person (first_name, last_name, email, phone, location_id) values ('Heywood', 'Curzey', 'hcurzey24@livejournal.com', '4578634978', 77);
insert into Person (first_name, last_name, email, phone, location_id) values ('Bethanne', 'Fountaine', 'bfountaine25@oracle.com', '7206239839', 78);
insert into Person (first_name, last_name, email, phone, location_id) values ('Tansy', 'Markwell', 'tmarkwell26@pcworld.com', '4152622129', 79);
insert into Person (first_name, last_name, email, phone, location_id) values ('Sherman', 'Burrage', 'sburrage27@shinystat.com', '7084366357', 80);
insert into Person (first_name, last_name, email, phone, location_id) values ('Lindsey', 'Garaway', 'lgaraway28@buzzfeed.com', '3109842208', 81);
insert into Person (first_name, last_name, email, phone, location_id) values ('Parsifal', 'Chalfont', 'pchalfont29@adobe.com', '3026649448', 82);
insert into Person (first_name, last_name, email, phone, location_id) values ('Kyla', 'Gyer', 'kgyer2a@webnode.com', '4338871215', 83);
insert into Person (first_name, last_name, email, phone, location_id) values ('Frasier', 'Maydway', 'fmaydway2b@squidoo.com', '1316958287', 84);
insert into Person (first_name, last_name, email, phone, location_id) values ('Ruggiero', 'Peasey', 'rpeasey2c@columbia.edu', '3502158833', 85);
insert into Person (first_name, last_name, email, phone, location_id) values ('Breanne', 'McIllroy', 'bmcillroy2d@blog.com', '7438612019', 86);
insert into Person (first_name, last_name, email, phone, location_id) values ('Matti', 'Mitton', 'mmitton2e@clickbank.net', '8229638261', 87);
insert into Person (first_name, last_name, email, phone, location_id) values ('Maire', 'Shearmer', 'mshearmer2f@ed.gov', '3659185200', 88);
insert into Person (first_name, last_name, email, phone, location_id) values ('Tremayne', 'Bradbury', 'tbradbury2g@barnesandnoble.com', '8602442765', 89);
insert into Person (first_name, last_name, email, phone, location_id) values ('Boycey', 'Cesaric', 'bcesaric2h@meetup.com', '8293446353', 90);
insert into Person (first_name, last_name, email, phone, location_id) values ('Konstanze', 'Childrens', 'kchildrens2i@about.me', '2353166727', 91);
insert into Person (first_name, last_name, email, phone, location_id) values ('Mahalia', 'Cousens', 'mcousens2j@eventbrite.com', '5762543714', 92);
insert into Person (first_name, last_name, email, phone, location_id) values ('Mitch', 'Lancetter', 'mlancetter2k@sbwire.com', '4489473911', 93);
insert into Person (first_name, last_name, email, phone, location_id) values ('Sigismund', 'Oxlade', 'soxlade2l@gnu.org', '1948415480', 94);
insert into Person (first_name, last_name, email, phone, location_id) values ('Vivie', 'Pollock', 'vpollock2m@bigcartel.com', '1895248658', 95);
insert into Person (first_name, last_name, email, phone, location_id) values ('Rance', 'Winridge', 'rwinridge2n@google.com.au', '8883830843', 96);
insert into Person (first_name, last_name, email, phone, location_id) values ('Antony', 'Durtnel', 'adurtnel2o@yelp.com', '5506546744', 97);
insert into Person (first_name, last_name, email, phone, location_id) values ('Giulia', 'Overthrow', 'goverthrow2p@hugedomains.com', '6595302048', 98);
insert into Person (first_name, last_name, email, phone, location_id) values ('Kellie', 'Carnow', 'kcarnow2q@lulu.com', '5991270261', 99);
insert into Person (first_name, last_name, email, phone, location_id) values ('Clarey', 'Cawood', 'ccawood2r@wikimedia.org', '8683586850', 100);
insert into Person (first_name, last_name, email, phone, location_id) values ('Rakel', 'Bengtsen', 'rbengtsen2s@cisco.com', '9278118722', 101);
insert into Person (first_name, last_name, email, phone, location_id) values ('Bobbye', 'Morphey', 'bmorphey2t@goo.ne.jp', '9096046085', 102);
insert into Person (first_name, last_name, email, phone, location_id) values ('Ossie', 'Haglinton', 'ohaglinton2u@lulu.com', '2801512115', 103);
insert into Person (first_name, last_name, email, phone, location_id) values ('Marrilee', 'Spurritt', 'mspurritt2v@cocolog-nifty.com', '6477466949', 104);
insert into Person (first_name, last_name, email, phone, location_id) values ('Darius', 'Danielski', 'ddanielski2w@google.cn', '5133043175', 105);
insert into Person (first_name, last_name, email, phone, location_id) values ('Alasteir', 'Gowry', 'agowry2x@cornell.edu', '4944537418', 106);
insert into Person (first_name, last_name, email, phone, location_id) values ('Inness', 'Dosdell', 'idosdell2y@yale.edu', '9781976148', 107);
insert into Person (first_name, last_name, email, phone, location_id) values ('Irv', 'Sheach', 'isheach2z@amazon.de', '4303304406', 108);
insert into Person (first_name, last_name, email, phone, location_id) values ('Ethelda', 'Swain', 'eswain30@ox.ac.uk', '2574733648', 109);
insert into Person (first_name, last_name, email, phone, location_id) values ('Adore', 'Forber', 'aforber31@ovh.net', '3376706667', 110);
insert into Person (first_name, last_name, email, phone, location_id) values ('Janet', 'Widmore', 'jwidmore32@home.pl', '8518252543', 111);
insert into Person (first_name, last_name, email, phone, location_id) values ('Jen', 'Kedslie', 'jkedslie33@github.io', '8356287588', 112);
insert into Person (first_name, last_name, email, phone, location_id) values ('Eduino', 'Tonner', 'etonner34@oracle.com', '9129582911', 113);
insert into Person (first_name, last_name, email, phone, location_id) values ('Broderick', 'Elkington', 'belkington35@oakley.com', '9537226281', 114);
insert into Person (first_name, last_name, email, phone, location_id) values ('Adriano', 'Tzuker', 'atzuker36@time.com', '2014414131', 115);
insert into Person (first_name, last_name, email, phone, location_id) values ('Aubry', 'Duran', 'aduran37@blogs.com', '1864211974', 116);
insert into Person (first_name, last_name, email, phone, location_id) values ('Catrina', 'Dominichetti', 'cdominichetti38@icq.com', '8564069012', 117);
insert into Person (first_name, last_name, email, phone, location_id) values ('Aldridge', 'Knee', 'aknee39@wikimedia.org', '9742283781', 118);
insert into Person (first_name, last_name, email, phone, location_id) values ('Garrett', 'Aindriu', 'gaindriu3a@bravesites.com', '5058785257', 119);
insert into Person (first_name, last_name, email, phone, location_id) values ('Garret', 'Thibodeaux', 'gthibodeaux3b@fc2.com', '4416663863', 120);
insert into Person (first_name, last_name, email, phone, location_id) values ('Henriette', 'Izakovitz', 'hizakovitz3c@huffingtonpost.com', '5307868749', 121);
insert into Person (first_name, last_name, email, phone, location_id) values ('Abel', 'Egginson', 'aegginson3d@xinhuanet.com', '1762443356', 122);
insert into Person (first_name, last_name, email, phone, location_id) values ('Alene', 'Maddaford', 'amaddaford3e@bbc.co.uk', '6238903852', 123);
insert into Person (first_name, last_name, email, phone, location_id) values ('Victor', 'Wheelband', 'vwheelband3f@state.tx.us', '9681564853', 124);
insert into Person (first_name, last_name, email, phone, location_id) values ('Denny', 'Tunna', 'dtunna3g@hao123.com', '8184666536', 125);
insert into Person (first_name, last_name, email, phone, location_id) values ('Niven', 'Aylen', 'naylen3h@wordpress.org', '7164931490', 126);
insert into Person (first_name, last_name, email, phone, location_id) values ('Emalee', 'Gantzman', 'egantzman3i@europa.eu', '5626032972', 127);
insert into Person (first_name, last_name, email, phone, location_id) values ('Tait', 'Hunt', 'thunt3j@howstuffworks.com', '4737651902', 128);
insert into Person (first_name, last_name, email, phone, location_id) values ('Sacha', 'Spindler', 'sspindler3k@ameblo.jp', '2299414099', 129);
insert into Person (first_name, last_name, email, phone, location_id) values ('Saw', 'Anslow', 'sanslow3l@chron.com', '2769521045', 130);
insert into Person (first_name, last_name, email, phone, location_id) values ('Tara', 'Levene', 'tlevene3m@prnewswire.com', '1893617460', 131);
insert into Person (first_name, last_name, email, phone, location_id) values ('Lesley', 'Tregaskis', 'ltregaskis3n@blogtalkradio.com', '3523859974', 132);
insert into Person (first_name, last_name, email, phone, location_id) values ('Myrtie', 'Ellin', 'mellin3o@blogger.com', '8559446090', 133);
insert into Person (first_name, last_name, email, phone, location_id) values ('Letisha', 'Yakovich', 'lyakovich3p@t.co', '4403135930', 134);
insert into Person (first_name, last_name, email, phone, location_id) values ('Kassey', 'Oliffe', 'koliffe3q@usa.gov', '4909623472', 135);
insert into Person (first_name, last_name, email, phone, location_id) values ('Mile', 'Crannach', 'mcrannach3r@dot.gov', '3484362768', 136);
insert into Person (first_name, last_name, email, phone, location_id) values ('Guillaume', 'O''Scannill', 'goscannill3s@delicious.com', '6395874783', 137);
insert into Person (first_name, last_name, email, phone, location_id) values ('Arri', 'Lambis', 'alambis3t@acquirethisname.com', '8179303698', 138);
insert into Person (first_name, last_name, email, phone, location_id) values ('Rasla', 'Skipperbottom', 'rskipperbottom3u@wiley.com', '2447160286', 139);
insert into Person (first_name, last_name, email, phone, location_id) values ('Jolie', 'Orrin', 'jorrin3v@tinypic.com', '2862752189', 140);
insert into Person (first_name, last_name, email, phone, location_id) values ('Wilone', 'Hubbocks', 'whubbocks3w@surveymonkey.com', '2553084911', 141);
insert into Person (first_name, last_name, email, phone, location_id) values ('Bird', 'Jeandot', 'bjeandot3x@huffingtonpost.com', '2923350421', 142);
insert into Person (first_name, last_name, email, phone, location_id) values ('Lorens', 'Rickeard', 'lrickeard3y@wiley.com', '2521546526', 143);
insert into Person (first_name, last_name, email, phone, location_id) values ('Shena', 'Saunt', 'ssaunt3z@woothemes.com', '3449196949', 144);
insert into Person (first_name, last_name, email, phone, location_id) values ('Ervin', 'Barock', 'ebarock40@boston.com', '4367348045', 145);
insert into Person (first_name, last_name, email, phone, location_id) values ('Winne', 'Parsisson', 'wparsisson41@cnet.com', '1605830409', 146);
insert into Person (first_name, last_name, email, phone, location_id) values ('Skipp', 'Molyneux', 'smolyneux42@is.gd', '4162988132', 147);
insert into Person (first_name, last_name, email, phone, location_id) values ('Elianora', 'Medlen', 'emedlen43@addtoany.com', '4506069114', 148);
insert into Person (first_name, last_name, email, phone, location_id) values ('Auguste', 'Boorn', 'aboorn44@cdbaby.com', '1546550453', 149);
insert into Person (first_name, last_name, email, phone, location_id) values ('Miriam', 'Greim', 'mgreim45@nsw.gov.au', '4845170003', 150);
insert into Person (first_name, last_name, email, phone, location_id) values ('Emelina', 'Telfer', 'etelfer46@senate.gov', '3389859427', 151);
insert into Person (first_name, last_name, email, phone, location_id) values ('Tomasina', 'Ferronel', 'tferronel47@dailymail.co.uk', '5825925364', 152);
insert into Person (first_name, last_name, email, phone, location_id) values ('Rozanna', 'Plesing', 'rplesing48@is.gd', '9804236467', 153);
insert into Person (first_name, last_name, email, phone, location_id) values ('Quincey', 'O'' Bee', 'qobee49@bloglovin.com', '7114504447', 154);
insert into Person (first_name, last_name, email, phone, location_id) values ('Feliks', 'Phizackarley', 'fphizackarley4a@slideshare.net', '1596964488', 155);
insert into Person (first_name, last_name, email, phone, location_id) values ('Curtis', 'Attenbarrow', 'cattenbarrow4b@newsvine.com', '7436323597', 156);
insert into Person (first_name, last_name, email, phone, location_id) values ('Joleen', 'Unthank', 'junthank4c@skype.com', '2519372464', 157);
insert into Person (first_name, last_name, email, phone, location_id) values ('Venita', 'Ferrarese', 'vferrarese4d@hud.gov', '6153051971', 158);
insert into Person (first_name, last_name, email, phone, location_id) values ('Cullie', 'Polleye', 'cpolleye4e@home.pl', '6896251968', 159);
insert into Person (first_name, last_name, email, phone, location_id) values ('Deena', 'Dmitrovic', 'ddmitrovic4f@mapy.cz', '5995390467', 160);
insert into Person (first_name, last_name, email, phone, location_id) values ('Deeann', 'Gregine', 'dgregine4g@ed.gov', '8701631100', 161);
insert into Person (first_name, last_name, email, phone, location_id) values ('Latia', 'Sherrington', 'lsherrington4h@google.co.jp', '9846781387', 162);
insert into Person (first_name, last_name, email, phone, location_id) values ('Dex', 'Skelcher', 'dskelcher4i@google.com', '6805548327', 163);
insert into Person (first_name, last_name, email, phone, location_id) values ('Bernadette', 'Peacher', 'bpeacher4j@answers.com', '8481578717', 164);
insert into Person (first_name, last_name, email, phone, location_id) values ('Jorgan', 'McKean', 'jmckean4k@addthis.com', '2597081504', 165);
insert into Person (first_name, last_name, email, phone, location_id) values ('Roberto', 'Kirkpatrick', 'rkirkpatrick4l@blog.com', '4913896653', 166);
insert into Person (first_name, last_name, email, phone, location_id) values ('Freddie', 'Dutton', 'fdutton4m@yelp.com', '9561912282', 167);
insert into Person (first_name, last_name, email, phone, location_id) values ('Montgomery', 'Bury', 'mbury4n@phpbb.com', '9834609249', 168);
insert into Person (first_name, last_name, email, phone, location_id) values ('Darwin', 'Ridde', 'dridde4o@businessinsider.com', '6028022316', 169);
insert into Person (first_name, last_name, email, phone, location_id) values ('Burlie', 'Doubleday', 'bdoubleday4p@delicious.com', '4291669592', 170);
insert into Person (first_name, last_name, email, phone, location_id) values ('Minny', 'Melpuss', 'mmelpuss4q@furl.net', '9579509864', 171);
insert into Person (first_name, last_name, email, phone, location_id) values ('Tabbi', 'Alenov', 'talenov4r@weather.com', '8997431187', 172);
insert into Person (first_name, last_name, email, phone, location_id) values ('Amalie', 'Tembey', 'atembey4s@uiuc.edu', '6606327819', 173);
insert into Person (first_name, last_name, email, phone, location_id) values ('Debra', 'Glasner', 'dglasner4t@twitter.com', '1203536217', 174);
insert into Person (first_name, last_name, email, phone, location_id) values ('Irma', 'O''Carrol', 'iocarrol4u@qq.com', '7767838599', 175);
insert into Person (first_name, last_name, email, phone, location_id) values ('Honey', 'Mileham', 'hmileham4v@skype.com', '3324441185', 176);
insert into Person (first_name, last_name, email, phone, location_id) values ('Clair', 'Presslee', 'cpresslee4w@google.ca', '4845323659', 177);
insert into Person (first_name, last_name, email, phone, location_id) values ('Josy', 'Pote', 'jpote4x@ucla.edu', '9067021081', 178);
insert into Person (first_name, last_name, email, phone, location_id) values ('Arabel', 'Park', 'apark4y@youtu.be', '6808185089', 179);
insert into Person (first_name, last_name, email, phone, location_id) values ('Daile', 'Kemmish', 'dkemmish4z@exblog.jp', '4961858208', 180);
insert into Person (first_name, last_name, email, phone, location_id) values ('Charmion', 'de Grey', 'cdegrey50@liveinternet.ru', '4019380581', 181);
insert into Person (first_name, last_name, email, phone, location_id) values ('Issy', 'Eloi', 'ieloi51@guardian.co.uk', '8204069139', 182);
insert into Person (first_name, last_name, email, phone, location_id) values ('Marleah', 'Erbain', 'merbain52@irs.gov', '7447021627', 183);
insert into Person (first_name, last_name, email, phone, location_id) values ('Arny', 'Picheford', 'apicheford53@trellian.com', '1574856084', 184);
insert into Person (first_name, last_name, email, phone, location_id) values ('Nilson', 'Bielfeldt', 'nbielfeldt54@slideshare.net', '1436917033', 185);
insert into Person (first_name, last_name, email, phone, location_id) values ('Clyve', 'Guilfoyle', 'cguilfoyle55@google.es', '2122264222', 186);
insert into Person (first_name, last_name, email, phone, location_id) values ('Theadora', 'Lyard', 'tlyard56@t.co', '2048582068', 187);
insert into Person (first_name, last_name, email, phone, location_id) values ('Stephan', 'Guitte', 'sguitte57@amazonaws.com', '1808038506', 188);
insert into Person (first_name, last_name, email, phone, location_id) values ('Miranda', 'Pinsent', 'mpinsent58@salon.com', '9622714499', 189);
insert into Person (first_name, last_name, email, phone, location_id) values ('Goddart', 'Manicom', 'gmanicom59@ox.ac.uk', '2977136670', 190);



insert into Employee_Title (title) values ('kok');
insert into Employee_Title (title) values ('leder 1');
insert into Employee_Title (title) values ('leder 2');
insert into Employee_Title (title) values ('tjener');
insert into Employee_Title (title) values ('opvasker');


insert into Employee (person_id, title_id, salary) values (181, 1, 270);
insert into Employee (person_id, title_id, salary) values (182, 2, 174);
insert into Employee (person_id, title_id, salary) values (183, 3, 293);
insert into Employee (person_id, title_id, salary) values (184, 4, 169);
insert into Employee (person_id, title_id, salary) values (185, 5, 186);
insert into Employee (person_id, title_id, salary) values (186, 4, 213);
insert into Employee (person_id, title_id, salary) values (187, 4, 184);
insert into Employee (person_id, title_id, salary) values (188, 5, 105);
insert into Employee (person_id, title_id, salary) values (189, 4, 192);


insert into Customer (person_id) values (1);
insert into Customer (person_id) values (2);
insert into Customer (person_id) values (3);
insert into Customer (person_id) values (4);
insert into Customer (person_id) values (5);
insert into Customer (person_id) values (6);
insert into Customer (person_id) values (7);
insert into Customer (person_id) values (8);
insert into Customer (person_id) values (9);
insert into Customer (person_id) values (10);
insert into Customer (person_id) values (11);
insert into Customer (person_id) values (12);
insert into Customer (person_id) values (13);
insert into Customer (person_id) values (14);
insert into Customer (person_id) values (15);
insert into Customer (person_id) values (16);
insert into Customer (person_id) values (17);
insert into Customer (person_id) values (18);
insert into Customer (person_id) values (19);
insert into Customer (person_id) values (20);
insert into Customer (person_id) values (21);
insert into Customer (person_id) values (22);
insert into Customer (person_id) values (23);
insert into Customer (person_id) values (24);
insert into Customer (person_id) values (25);
insert into Customer (person_id) values (26);
insert into Customer (person_id) values (27);
insert into Customer (person_id) values (28);
insert into Customer (person_id) values (29);
insert into Customer (person_id) values (30);
insert into Customer (person_id) values (31);
insert into Customer (person_id) values (32);
insert into Customer (person_id) values (33);
insert into Customer (person_id) values (34);
insert into Customer (person_id) values (35);
insert into Customer (person_id) values (36);
insert into Customer (person_id) values (37);
insert into Customer (person_id) values (38);
insert into Customer (person_id) values (39);
insert into Customer (person_id) values (40);
insert into Customer (person_id) values (41);
insert into Customer (person_id) values (42);
insert into Customer (person_id) values (43);
insert into Customer (person_id) values (44);
insert into Customer (person_id) values (45);
insert into Customer (person_id) values (46);
insert into Customer (person_id) values (47);
insert into Customer (person_id) values (48);
insert into Customer (person_id) values (49);
insert into Customer (person_id) values (50);
insert into Customer (person_id) values (51);
insert into Customer (person_id) values (52);
insert into Customer (person_id) values (53);
insert into Customer (person_id) values (54);
insert into Customer (person_id) values (55);
insert into Customer (person_id) values (56);
insert into Customer (person_id) values (57);
insert into Customer (person_id) values (58);
insert into Customer (person_id) values (59);
insert into Customer (person_id) values (60);
insert into Customer (person_id) values (61);
insert into Customer (person_id) values (62);
insert into Customer (person_id) values (63);
insert into Customer (person_id) values (64);
insert into Customer (person_id) values (65);
insert into Customer (person_id) values (66);
insert into Customer (person_id) values (67);
insert into Customer (person_id) values (68);
insert into Customer (person_id) values (69);
insert into Customer (person_id) values (70);
insert into Customer (person_id) values (71);
insert into Customer (person_id) values (72);
insert into Customer (person_id) values (73);
insert into Customer (person_id) values (74);
insert into Customer (person_id) values (75);
insert into Customer (person_id) values (76);
insert into Customer (person_id) values (77);
insert into Customer (person_id) values (78);
insert into Customer (person_id) values (79);
insert into Customer (person_id) values (80);
insert into Customer (person_id) values (81);
insert into Customer (person_id) values (82);
insert into Customer (person_id) values (83);
insert into Customer (person_id) values (84);
insert into Customer (person_id) values (85);
insert into Customer (person_id) values (86);
insert into Customer (person_id) values (87);
insert into Customer (person_id) values (88);
insert into Customer (person_id) values (89);
insert into Customer (person_id) values (90);
insert into Customer (person_id) values (91);
insert into Customer (person_id) values (92);
insert into Customer (person_id) values (93);
insert into Customer (person_id) values (94);
insert into Customer (person_id) values (95);
insert into Customer (person_id) values (96);
insert into Customer (person_id) values (97);
insert into Customer (person_id) values (98);
insert into Customer (person_id) values (99);
insert into Customer (person_id) values (100);
insert into Customer (person_id) values (101);
insert into Customer (person_id) values (102);
insert into Customer (person_id) values (103);
insert into Customer (person_id) values (104);
insert into Customer (person_id) values (105);
insert into Customer (person_id) values (106);
insert into Customer (person_id) values (107);
insert into Customer (person_id) values (108);
insert into Customer (person_id) values (109);
insert into Customer (person_id) values (110);
insert into Customer (person_id) values (111);
insert into Customer (person_id) values (112);
insert into Customer (person_id) values (113);
insert into Customer (person_id) values (114);
insert into Customer (person_id) values (115);
insert into Customer (person_id) values (116);
insert into Customer (person_id) values (117);
insert into Customer (person_id) values (118);
insert into Customer (person_id) values (119);
insert into Customer (person_id) values (120);
insert into Customer (person_id) values (121);
insert into Customer (person_id) values (122);
insert into Customer (person_id) values (123);
insert into Customer (person_id) values (124);
insert into Customer (person_id) values (125);
insert into Customer (person_id) values (126);
insert into Customer (person_id) values (127);
insert into Customer (person_id) values (128);
insert into Customer (person_id) values (129);
insert into Customer (person_id) values (130);
insert into Customer (person_id) values (131);
insert into Customer (person_id) values (132);
insert into Customer (person_id) values (133);
insert into Customer (person_id) values (134);
insert into Customer (person_id) values (135);
insert into Customer (person_id) values (136);
insert into Customer (person_id) values (137);
insert into Customer (person_id) values (138);
insert into Customer (person_id) values (139);
insert into Customer (person_id) values (140);
insert into Customer (person_id) values (141);
insert into Customer (person_id) values (142);
insert into Customer (person_id) values (143);
insert into Customer (person_id) values (144);
insert into Customer (person_id) values (145);
insert into Customer (person_id) values (146);
insert into Customer (person_id) values (147);
insert into Customer (person_id) values (148);
insert into Customer (person_id) values (149);
insert into Customer (person_id) values (150);
insert into Customer (person_id) values (151);
insert into Customer (person_id) values (152);
insert into Customer (person_id) values (153);
insert into Customer (person_id) values (154);
insert into Customer (person_id) values (155);
insert into Customer (person_id) values (156);
insert into Customer (person_id) values (157);
insert into Customer (person_id) values (158);
insert into Customer (person_id) values (159);
insert into Customer (person_id) values (160);
insert into Customer (person_id) values (161);
insert into Customer (person_id) values (162);
insert into Customer (person_id) values (163);
insert into Customer (person_id) values (164);
insert into Customer (person_id) values (165);
insert into Customer (person_id) values (166);
insert into Customer (person_id) values (167);
insert into Customer (person_id) values (168);
insert into Customer (person_id) values (169);
insert into Customer (person_id) values (170);
insert into Customer (person_id) values (171);
insert into Customer (person_id) values (172);
insert into Customer (person_id) values (173);
insert into Customer (person_id) values (174);
insert into Customer (person_id) values (175);
insert into Customer (person_id) values (176);
insert into Customer (person_id) values (177);
insert into Customer (person_id) values (178);
insert into Customer (person_id) values (179);
insert into Customer (person_id) values (180);


insert into Reservation (reservation_date, customer_id, reservationTime, noOfPeople, deposit, note) values ('2020-06-25 00:22:53', 32, '2020-11-28 01:14:13', 4, 0, 'rhoncus mauris enim leo rhoncus sed vestibulum sit amet cursus id turpis integer aliquet massa');
insert into Reservation (reservation_date, customer_id, reservationTime, noOfPeople, deposit, note) values ('2020-02-29 22:14:42', 118, '2020-11-20 14:05:52', 5, 0, 'cras in purus eu magna vulputate luctus cum sociis natoque penatibus et magnis dis parturient montes nascetur ridiculus');
insert into Reservation (reservation_date, customer_id, reservationTime, noOfPeople, deposit, note) values ('2020-07-23 15:32:16', 82, '2020-11-19 01:54:51', 6, 1, 'sem praesent id massa id nisl venenatis lacinia aenean sit amet justo');
insert into Reservation (reservation_date, customer_id, reservationTime, noOfPeople, deposit, note) values ('2020-05-07 03:49:19', 158, '2020-11-12 13:01:45', 6, 1, 'tellus nulla ut erat id mauris vulputate elementum nullam varius nulla facilisi cras non velit nec nisi vulputate nonummy maecenas');
insert into Reservation (reservation_date, customer_id, reservationTime, noOfPeople, deposit, note) values ('2020-07-29 12:53:37', 121, '2020-11-24 07:40:27', 4, 1, 'ac nibh fusce lacus purus aliquet at feugiat non pretium quis lectus suspendisse potenti in eleifend quam a');
insert into Reservation (reservation_date, customer_id, reservationTime, noOfPeople, deposit, note) values ('2019-11-07 22:25:58', 54, '2020-11-17 03:54:38', 8, 0, 'id lobortis convallis tortor risus dapibus augue vel accumsan tellus nisi eu orci mauris lacinia sapien quis libero nullam');
insert into Reservation (reservation_date, customer_id, reservationTime, noOfPeople, deposit, note) values ('2020-09-29 04:11:03', 83, '2020-11-16 10:24:51', 5, 0, 'sit amet nunc viverra dapibus nulla suscipit ligula in lacus curabitur');
insert into Reservation (reservation_date, customer_id, reservationTime, noOfPeople, deposit, note) values ('2019-11-30 08:47:23', 95, '2020-11-12 21:33:31', 6, 1, 'eget nunc donec quis orci eget orci vehicula condimentum curabitur in libero');
insert into Reservation (reservation_date, customer_id, reservationTime, noOfPeople, deposit, note) values ('2020-10-08 04:08:10', 55, '2020-11-05 00:24:12', 8, 0, 'nulla justo aliquam quis turpis eget elit sodales scelerisque mauris sit amet');
insert into Reservation (reservation_date, customer_id, reservationTime, noOfPeople, deposit, note) values ('2020-02-23 08:16:58', 58, '2020-11-03 18:31:06', 6, 0, 'in hac habitasse platea dictumst etiam faucibus cursus urna ut tellus nulla ut erat id mauris vulputate elementum nullam');
insert into Reservation (reservation_date, customer_id, reservationTime, noOfPeople, deposit, note) values ('2020-01-27 18:13:31', 114, '2020-11-27 02:25:58', 4, 1, 'odio justo sollicitudin ut suscipit a feugiat et eros vestibulum ac est lacinia nisi venenatis tristique fusce congue diam');
insert into Reservation (reservation_date, customer_id, reservationTime, noOfPeople, deposit, note) values ('2020-03-26 15:10:37', 134, '2020-11-06 11:56:06', 7, 1, 'vestibulum rutrum rutrum neque aenean auctor gravida sem praesent id massa id nisl venenatis');
insert into Reservation (reservation_date, customer_id, reservationTime, noOfPeople, deposit, note) values ('2020-01-08 23:54:50', 105, '2020-11-21 07:05:48', 5, 1, 'sapien dignissim vestibulum vestibulum ante ipsum primis in faucibus orci luctus et ultrices posuere');
insert into Reservation (reservation_date, customer_id, reservationTime, noOfPeople, deposit, note) values ('2020-07-24 12:16:53', 124, '2020-11-29 20:59:42', 8, 0, 'non ligula pellentesque ultrices phasellus id sapien in sapien iaculis');
insert into Reservation (reservation_date, customer_id, reservationTime, noOfPeople, deposit, note) values ('2020-09-24 19:17:10', 110, '2020-11-07 02:45:29', 7, 0, 'penatibus et magnis dis parturient montes nascetur ridiculus mus vivamus vestibulum');
insert into Reservation (reservation_date, customer_id, reservationTime, noOfPeople, deposit, note) values ('2020-07-21 13:50:45', 64, '2020-11-04 02:37:09', 3, 1, 'penatibus et magnis dis parturient montes nascetur ridiculus mus vivamus vestibulum sagittis sapien cum');
insert into Reservation (reservation_date, customer_id, reservationTime, noOfPeople, deposit, note) values ('2019-11-27 05:39:53', 132, '2020-11-22 01:43:56', 3, 1, 'in consequat ut nulla sed accumsan felis ut at dolor quis odio consequat varius integer ac leo pellentesque');
insert into Reservation (reservation_date, customer_id, reservationTime, noOfPeople, deposit, note) values ('2019-12-16 14:56:45', 99, '2020-11-17 03:52:34', 3, 0, 'imperdiet sapien urna pretium nisl ut volutpat sapien arcu sed augue');
insert into Reservation (reservation_date, customer_id, reservationTime, noOfPeople, deposit, note) values ('2020-11-12 10:29:23', 143, '2020-11-21 09:29:30', 3, 1, 'rutrum at lorem integer tincidunt ante vel ipsum praesent blandit lacinia erat vestibulum sed magna at');
insert into Reservation (reservation_date, customer_id, reservationTime, noOfPeople, deposit, note) values ('2020-06-02 13:06:45', 123, '2020-11-21 14:27:43', 6, 0, 'varius integer ac leo pellentesque ultrices mattis odio donec vitae nisi nam');
insert into Reservation (reservation_date, customer_id, reservationTime, noOfPeople, deposit, note) values ('2020-03-14 16:21:35', 80, '2020-11-25 14:32:16', 5, 1, 'aliquet massa id lobortis convallis tortor risus dapibus augue vel accumsan tellus nisi eu orci mauris lacinia sapien quis libero');
insert into Reservation (reservation_date, customer_id, reservationTime, noOfPeople, deposit, note) values ('2020-09-20 04:32:52', 132, '2020-11-12 00:28:18', 4, 0, 'leo maecenas pulvinar lobortis est phasellus sit amet erat nulla tempus vivamus in felis eu sapien cursus vestibulum proin');
insert into Reservation (reservation_date, customer_id, reservationTime, noOfPeople, deposit, note) values ('2020-04-10 03:01:01', 141, '2020-11-08 10:11:51', 2, 0, 'risus praesent lectus vestibulum quam sapien varius ut blandit non interdum in ante vestibulum ante');
insert into Reservation (reservation_date, customer_id, reservationTime, noOfPeople, deposit, note) values ('2020-05-18 07:29:22', 155, '2020-11-27 16:36:44', 4, 0, 'amet eleifend pede libero quis orci nullam molestie nibh in lectus pellentesque at nulla suspendisse potenti');
insert into Reservation (reservation_date, customer_id, reservationTime, noOfPeople, deposit, note) values ('2019-12-18 13:22:33', 152, '2020-11-28 19:03:24', 6, 0, 'sem duis aliquam convallis nunc proin at turpis a pede posuere nonummy integer non');
insert into Reservation (reservation_date, customer_id, reservationTime, noOfPeople, deposit, note) values ('2019-12-15 13:35:20', 120, '2020-11-19 06:06:42', 4, 1, 'dolor vel est donec odio justo sollicitudin ut suscipit a feugiat et');
insert into Reservation (reservation_date, customer_id, reservationTime, noOfPeople, deposit, note) values ('2020-11-15 13:41:46', 57, '2020-11-07 05:43:03', 8, 1, 'in hac habitasse platea dictumst etiam faucibus cursus urna ut tellus nulla');
insert into Reservation (reservation_date, customer_id, reservationTime, noOfPeople, deposit, note) values ('2019-11-20 19:08:41', 57, '2020-11-17 02:34:53', 7, 0, 'vestibulum eget vulputate ut ultrices vel augue vestibulum ante ipsum primis in faucibus orci luctus et ultrices posuere cubilia curae');
insert into Reservation (reservation_date, customer_id, reservationTime, noOfPeople, deposit, note) values ('2020-11-11 16:50:04', 126, '2020-11-09 09:33:39', 5, 1, 'pede malesuada in imperdiet et commodo vulputate justo in blandit');
insert into Reservation (reservation_date, customer_id, reservationTime, noOfPeople, deposit, note) values ('2020-04-13 13:35:13', 88, '2020-11-12 05:17:32', 6, 1, 'in faucibus orci luctus et ultrices posuere cubilia curae mauris viverra diam');
insert into Reservation (reservation_date, customer_id, reservationTime, noOfPeople, deposit, note) values ('2020-09-22 05:55:33', 52, '2020-11-07 08:49:43', 4, 1, 'venenatis non sodales sed tincidunt eu felis fusce posuere felis sed lacus morbi sem mauris laoreet ut rhoncus');
insert into Reservation (reservation_date, customer_id, reservationTime, noOfPeople, deposit, note) values ('2020-11-12 07:24:37', 101, '2020-11-06 00:11:56', 2, 0, 'magna ac consequat metus sapien ut nunc vestibulum ante ipsum primis');
insert into Reservation (reservation_date, customer_id, reservationTime, noOfPeople, deposit, note) values ('2020-02-24 19:07:22', 102, '2020-11-13 15:49:17', 5, 1, 'metus sapien ut nunc vestibulum ante ipsum primis in faucibus orci luctus et ultrices posuere');
insert into Reservation (reservation_date, customer_id, reservationTime, noOfPeople, deposit, note) values ('2020-10-27 20:00:14', 130, '2020-11-17 02:44:33', 7, 1, 'tellus nisi eu orci mauris lacinia sapien quis libero nullam sit amet turpis elementum');
insert into Reservation (reservation_date, customer_id, reservationTime, noOfPeople, deposit, note) values ('2020-11-14 01:20:02', 113, '2020-11-17 22:29:07', 2, 1, 'tortor id nulla ultrices aliquet maecenas leo odio condimentum id luctus');
insert into Reservation (reservation_date, customer_id, reservationTime, noOfPeople, deposit, note) values ('2019-11-20 08:03:21', 71, '2020-11-13 01:35:48', 7, 0, 'cubilia curae mauris viverra diam vitae quam suspendisse potenti nullam porttitor');
insert into Reservation (reservation_date, customer_id, reservationTime, noOfPeople, deposit, note) values ('2019-11-28 10:38:08', 142, '2020-11-28 05:03:12', 5, 1, 'ac nibh fusce lacus purus aliquet at feugiat non pretium');
insert into Reservation (reservation_date, customer_id, reservationTime, noOfPeople, deposit, note) values ('2020-09-27 06:03:43', 37, '2020-11-06 22:09:16', 3, 0, 'cras pellentesque volutpat dui maecenas tristique est et tempus semper est quam pharetra magna ac consequat');
insert into Reservation (reservation_date, customer_id, reservationTime, noOfPeople, deposit, note) values ('2020-04-24 12:55:43', 134, '2020-11-18 09:44:09', 7, 0, 'id ornare imperdiet sapien urna pretium nisl ut volutpat sapien arcu');
insert into Reservation (reservation_date, customer_id, reservationTime, noOfPeople, deposit, note) values ('2020-06-01 13:14:32', 141, '2020-11-06 20:58:17', 6, 0, 'fusce congue diam id ornare imperdiet sapien urna pretium nisl ut volutpat sapien arcu sed augue');
insert into Reservation (reservation_date, customer_id, reservationTime, noOfPeople, deposit, note) values ('2020-01-27 13:53:10', 86, '2020-11-25 17:48:24', 8, 1, 'tellus in sagittis dui vel nisl duis ac nibh fusce lacus purus aliquet');
insert into Reservation (reservation_date, customer_id, reservationTime, noOfPeople, deposit, note) values ('2020-07-07 06:11:17', 65, '2020-11-13 04:06:23', 4, 1, 'nunc nisl duis bibendum felis sed interdum venenatis turpis enim blandit mi in');
insert into Reservation (reservation_date, customer_id, reservationTime, noOfPeople, deposit, note) values ('2020-02-07 16:53:00', 156, '2020-11-15 03:09:32', 2, 0, 'ultricies eu nibh quisque id justo sit amet sapien dignissim vestibulum vestibulum ante ipsum primis');
insert into Reservation (reservation_date, customer_id, reservationTime, noOfPeople, deposit, note) values ('2020-02-29 01:49:55', 73, '2020-11-25 09:29:32', 4, 0, 'sapien dignissim vestibulum vestibulum ante ipsum primis in faucibus orci luctus et ultrices posuere cubilia curae');
insert into Reservation (reservation_date, customer_id, reservationTime, noOfPeople, deposit, note) values ('2020-06-05 03:28:37', 87, '2020-11-12 08:49:09', 5, 0, 'ac lobortis vel dapibus at diam nam tristique tortor eu');
insert into Reservation (reservation_date, customer_id, reservationTime, noOfPeople, deposit, note) values ('2019-12-21 20:54:44', 36, '2020-11-16 20:47:29', 4, 0, 'convallis nunc proin at turpis a pede posuere nonummy integer');
insert into Reservation (reservation_date, customer_id, reservationTime, noOfPeople, deposit, note) values ('2020-06-18 20:41:21', 102, '2020-11-17 11:17:29', 6, 0, 'leo maecenas pulvinar lobortis est phasellus sit amet erat nulla tempus');
insert into Reservation (reservation_date, customer_id, reservationTime, noOfPeople, deposit, note) values ('2020-02-06 00:54:56', 108, '2020-11-21 23:21:33', 4, 1, 'non quam nec dui luctus rutrum nulla tellus in sagittis dui vel nisl duis ac nibh fusce lacus');
insert into Reservation (reservation_date, customer_id, reservationTime, noOfPeople, deposit, note) values ('2019-12-14 13:07:32', 98, '2020-11-04 08:07:37', 8, 1, 'quam a odio in hac habitasse platea dictumst maecenas ut massa quis');
insert into Reservation (reservation_date, customer_id, reservationTime, noOfPeople, deposit, note) values ('2020-07-11 18:07:08', 134, '2020-11-14 21:21:17', 2, 0, 'odio in hac habitasse platea dictumst maecenas ut massa quis augue luctus tincidunt nulla mollis molestie lorem quisque ut erat');


insert into Reservations_Tables (reservation_id, restaurant_tables_id) values (1, 14);
insert into Reservations_Tables (reservation_id, restaurant_tables_id) values (2, 4);
insert into Reservations_Tables (reservation_id, restaurant_tables_id) values (3, 3);
insert into Reservations_Tables (reservation_id, restaurant_tables_id) values (4, 6);
insert into Reservations_Tables (reservation_id, restaurant_tables_id) values (5, 19);
insert into Reservations_Tables (reservation_id, restaurant_tables_id) values (6, 3);
insert into Reservations_Tables (reservation_id, restaurant_tables_id) values (7, 11);
insert into Reservations_Tables (reservation_id, restaurant_tables_id) values (8, 9);
insert into Reservations_Tables (reservation_id, restaurant_tables_id) values (9, 18);
insert into Reservations_Tables (reservation_id, restaurant_tables_id) values (10, 9);
insert into Reservations_Tables (reservation_id, restaurant_tables_id) values (11, 3);
insert into Reservations_Tables (reservation_id, restaurant_tables_id) values (12, 3);
insert into Reservations_Tables (reservation_id, restaurant_tables_id) values (13, 15);
insert into Reservations_Tables (reservation_id, restaurant_tables_id) values (14, 4);
insert into Reservations_Tables (reservation_id, restaurant_tables_id) values (15, 12);
insert into Reservations_Tables (reservation_id, restaurant_tables_id) values (16, 15);
insert into Reservations_Tables (reservation_id, restaurant_tables_id) values (17, 7);
insert into Reservations_Tables (reservation_id, restaurant_tables_id) values (18, 9);
insert into Reservations_Tables (reservation_id, restaurant_tables_id) values (19, 2);
insert into Reservations_Tables (reservation_id, restaurant_tables_id) values (20, 8);
insert into Reservations_Tables (reservation_id, restaurant_tables_id) values (21, 17);
insert into Reservations_Tables (reservation_id, restaurant_tables_id) values (22, 12);
insert into Reservations_Tables (reservation_id, restaurant_tables_id) values (23, 18);
insert into Reservations_Tables (reservation_id, restaurant_tables_id) values (24, 5);
insert into Reservations_Tables (reservation_id, restaurant_tables_id) values (25, 1);
insert into Reservations_Tables (reservation_id, restaurant_tables_id) values (26, 15);
insert into Reservations_Tables (reservation_id, restaurant_tables_id) values (27, 12);
insert into Reservations_Tables (reservation_id, restaurant_tables_id) values (28, 1);
insert into Reservations_Tables (reservation_id, restaurant_tables_id) values (29, 18);
insert into Reservations_Tables (reservation_id, restaurant_tables_id) values (30, 13);
insert into Reservations_Tables (reservation_id, restaurant_tables_id) values (31, 19);
insert into Reservations_Tables (reservation_id, restaurant_tables_id) values (32, 14);
insert into Reservations_Tables (reservation_id, restaurant_tables_id) values (33, 11);
insert into Reservations_Tables (reservation_id, restaurant_tables_id) values (34, 17);
insert into Reservations_Tables (reservation_id, restaurant_tables_id) values (35, 2);
insert into Reservations_Tables (reservation_id, restaurant_tables_id) values (36, 7);
insert into Reservations_Tables (reservation_id, restaurant_tables_id) values (37, 3);
insert into Reservations_Tables (reservation_id, restaurant_tables_id) values (38, 4);
insert into Reservations_Tables (reservation_id, restaurant_tables_id) values (39, 19);
insert into Reservations_Tables (reservation_id, restaurant_tables_id) values (40, 18);
insert into Reservations_Tables (reservation_id, restaurant_tables_id) values (41, 3);
insert into Reservations_Tables (reservation_id, restaurant_tables_id) values (42, 12);
insert into Reservations_Tables (reservation_id, restaurant_tables_id) values (43, 13);
insert into Reservations_Tables (reservation_id, restaurant_tables_id) values (44, 4);
insert into Reservations_Tables (reservation_id, restaurant_tables_id) values (45, 15);
insert into Reservations_Tables (reservation_id, restaurant_tables_id) values (46, 3);
insert into Reservations_Tables (reservation_id, restaurant_tables_id) values (47, 16);
insert into Reservations_Tables (reservation_id, restaurant_tables_id) values (48, 13);
insert into Reservations_Tables (reservation_id, restaurant_tables_id) values (49, 9);
insert into Reservations_Tables (reservation_id, restaurant_tables_id) values (50, 15);


insert into PaymentCondition (condition) values ('Bestilt');
insert into PaymentCondition (condition) values ('Begyndt');
insert into PaymentCondition (condition) values ('Leveret');
insert into PaymentCondition (condition) values ('Betalt');
insert into PaymentCondition (condition) values ('Annulleret');

insert into Restaurant_Order (reservation_id, employee_id, orderDate, paymentCondition_id) values (1, 4, '2019-12-31 04:30:08', 5);
insert into Restaurant_Order (reservation_id, employee_id, orderDate, paymentCondition_id) values (2, 3, '2020-01-22 02:40:38', 4);
insert into Restaurant_Order (reservation_id, employee_id, orderDate, paymentCondition_id) values (3, 5, '2020-01-18 18:30:55', 5);
insert into Restaurant_Order (reservation_id, employee_id, orderDate, paymentCondition_id) values (4, 8, '2019-11-09 13:39:27', 5);
insert into Restaurant_Order (reservation_id, employee_id, orderDate, paymentCondition_id) values (5, 2, '2020-09-07 05:20:03', 5);
insert into Restaurant_Order (reservation_id, employee_id, orderDate, paymentCondition_id) values (6, 2, '2020-02-15 11:19:11', 4);
insert into Restaurant_Order (reservation_id, employee_id, orderDate, paymentCondition_id) values (7, 9, '2020-07-21 22:01:40', 4);
insert into Restaurant_Order (reservation_id, employee_id, orderDate, paymentCondition_id) values (8, 4, '2020-07-06 07:01:12', 4);
insert into Restaurant_Order (reservation_id, employee_id, orderDate, paymentCondition_id) values (9, 9, '2020-08-06 19:18:00', 5);
insert into Restaurant_Order (reservation_id, employee_id, orderDate, paymentCondition_id) values (10, 5, '2020-08-12 06:05:46', 4);
insert into Restaurant_Order (reservation_id, employee_id, orderDate, paymentCondition_id) values (11, 6, '2020-09-30 14:23:58', 5);
insert into Restaurant_Order (reservation_id, employee_id, orderDate, paymentCondition_id) values (12, 9, '2019-12-04 14:58:17', 5);
insert into Restaurant_Order (reservation_id, employee_id, orderDate, paymentCondition_id) values (13, 4, '2019-11-12 11:12:01', 4);
insert into Restaurant_Order (reservation_id, employee_id, orderDate, paymentCondition_id) values (14, 6, '2020-02-26 11:20:37', 4);
insert into Restaurant_Order (reservation_id, employee_id, orderDate, paymentCondition_id) values (15, 9, '2020-10-24 20:16:33', 4);
insert into Restaurant_Order (reservation_id, employee_id, orderDate, paymentCondition_id) values (16, 6, '2020-05-20 18:54:01', 5);
insert into Restaurant_Order (reservation_id, employee_id, orderDate, paymentCondition_id) values (17, 6, '2020-09-03 17:40:04', 5);
insert into Restaurant_Order (reservation_id, employee_id, orderDate, paymentCondition_id) values (18, 7, '2019-11-12 18:15:05', 5);
insert into Restaurant_Order (reservation_id, employee_id, orderDate, paymentCondition_id) values (19, 8, '2020-01-06 03:00:21', 4);
insert into Restaurant_Order (reservation_id, employee_id, orderDate, paymentCondition_id) values (20, 8, '2020-07-08 23:25:10', 5);
insert into Restaurant_Order (reservation_id, employee_id, orderDate, paymentCondition_id) values (21, 6, '2020-05-04 20:45:30', 4);
insert into Restaurant_Order (reservation_id, employee_id, orderDate, paymentCondition_id) values (22, 4, '2020-04-27 03:49:32', 5);
insert into Restaurant_Order (reservation_id, employee_id, orderDate, paymentCondition_id) values (23, 5, '2020-06-13 11:46:59', 5);
insert into Restaurant_Order (reservation_id, employee_id, orderDate, paymentCondition_id) values (24, 6, '2020-04-10 17:55:46', 5);
insert into Restaurant_Order (reservation_id, employee_id, orderDate, paymentCondition_id) values (25, 6, '2020-07-07 08:21:51', 4);
insert into Restaurant_Order (reservation_id, employee_id, orderDate, paymentCondition_id) values (26, 6, '2020-09-11 14:28:21', 4);
insert into Restaurant_Order (reservation_id, employee_id, orderDate, paymentCondition_id) values (27, 6, '2020-05-23 16:43:14', 4);
insert into Restaurant_Order (reservation_id, employee_id, orderDate, paymentCondition_id) values (28, 8, '2019-11-15 15:09:30', 5);
insert into Restaurant_Order (reservation_id, employee_id, orderDate, paymentCondition_id) values (29, 2, '2020-06-29 21:36:11', 5);
insert into Restaurant_Order (reservation_id, employee_id, orderDate, paymentCondition_id) values (30, 4, '2020-09-02 13:36:09', 4);
insert into Restaurant_Order (reservation_id, employee_id, orderDate, paymentCondition_id) values (31, 5, '2019-11-11 14:06:33', 5);
insert into Restaurant_Order (reservation_id, employee_id, orderDate, paymentCondition_id) values (32, 2, '2020-01-07 14:00:09', 5);
insert into Restaurant_Order (reservation_id, employee_id, orderDate, paymentCondition_id) values (33, 6, '2020-03-26 20:59:13', 5);
insert into Restaurant_Order (reservation_id, employee_id, orderDate, paymentCondition_id) values (34, 4, '2020-10-19 06:35:35', 4);
insert into Restaurant_Order (reservation_id, employee_id, orderDate, paymentCondition_id) values (35, 8, '2020-09-07 19:05:41', 4);
insert into Restaurant_Order (reservation_id, employee_id, orderDate, paymentCondition_id) values (36, 3, '2020-06-29 23:23:01', 4);
insert into Restaurant_Order (reservation_id, employee_id, orderDate, paymentCondition_id) values (37, 7, '2020-04-01 03:55:07', 5);
insert into Restaurant_Order (reservation_id, employee_id, orderDate, paymentCondition_id) values (38, 6, '2020-04-02 17:52:12', 5);
insert into Restaurant_Order (reservation_id, employee_id, orderDate, paymentCondition_id) values (39, 4, '2020-02-01 08:23:17', 4);
insert into Restaurant_Order (reservation_id, employee_id, orderDate, paymentCondition_id) values (40, 5, '2019-12-21 07:55:32', 4);


insert into OrderLine (quantity, food_id, order_Number) values (3, 1, 1);
insert into OrderLine (quantity, food_id, order_Number) values (3, 2, 2);
insert into OrderLine (quantity, food_id, order_Number) values (1, 3, 2);
insert into OrderLine (quantity, food_id, order_Number) values (5, 4, 4);
insert into OrderLine (quantity, food_id, order_Number) values (3, 5, 5);
insert into OrderLine (quantity, food_id, order_Number) values (3, 6, 6);
insert into OrderLine (quantity, food_id, order_Number) values (2, 7, 7);
insert into OrderLine (quantity, food_id, order_Number) values (6, 13, 8);
insert into OrderLine (quantity, food_id, order_Number) values (4, 10, 9);
insert into OrderLine (quantity, food_id, order_Number) values (4, 10, 10);
insert into OrderLine (quantity, food_id, order_Number) values (5, 13, 11);
insert into OrderLine (quantity, food_id, order_Number) values (1, 12, 12);
insert into OrderLine (quantity, food_id, order_Number) values (5, 13, 13);
insert into OrderLine (quantity, food_id, order_Number) values (6, 14, 14);
insert into OrderLine (quantity, food_id, order_Number) values (5, 15, 15);
insert into OrderLine (quantity, food_id, order_Number) values (1, 16, 16);
insert into OrderLine (quantity, food_id, order_Number) values (1, 17, 17);
insert into OrderLine (quantity, food_id, order_Number) values (4, 14, 18);
insert into OrderLine (quantity, food_id, order_Number) values (1, 19, 19);
insert into OrderLine (quantity, food_id, order_Number) values (2, 20, 20);
insert into OrderLine (quantity, food_id, order_Number) values (6, 14, 21);
insert into OrderLine (quantity, food_id, order_Number) values (5, 12, 22);
insert into OrderLine (quantity, food_id, order_Number) values (3, 3, 23);
insert into OrderLine (quantity, food_id, order_Number) values (2, 24, 24);
insert into OrderLine (quantity, food_id, order_Number) values (5, 25, 25);
insert into OrderLine (quantity, food_id, order_Number) values (2, 12, 26);
insert into OrderLine (quantity, food_id, order_Number) values (6, 27, 27);
insert into OrderLine (quantity, food_id, order_Number) values (6, 28, 28);
insert into OrderLine (quantity, food_id, order_Number) values (5, 29, 29);
insert into OrderLine (quantity, food_id, order_Number) values (5, 30, 30);
insert into OrderLine (quantity, food_id, order_Number) values (6, 31, 31);
insert into OrderLine (quantity, food_id, order_Number) values (1, 32, 32);
insert into OrderLine (quantity, food_id, order_Number) values (2, 33, 33);
insert into OrderLine (quantity, food_id, order_Number) values (4, 34, 34);
insert into OrderLine (quantity, food_id, order_Number) values (5, 35, 35);
insert into OrderLine (quantity, food_id, order_Number) values (1, 36, 36);
insert into OrderLine (quantity, food_id, order_Number) values (3, 37, 37);
insert into OrderLine (quantity, food_id, order_Number) values (4, 38, 38);
insert into OrderLine (quantity, food_id, order_Number) values (6, 39, 39);
insert into OrderLine (quantity, food_id, order_Number) values (2, 40, 40);
